,title,category,passage,url
0,提前还房贷潮下的中国年轻人：“最敢贷款的他们被教育了”,0,"<table cellpadding=""0"" cellspacing=""0"" class=""vwtb""><tr><td id=""article_content""><div>“我站在高岗上，远处望，那一片绿波，海芒茫。”不少前几年买房的年轻人，越发能体会张惠妹的这首《站在高岗上》。</div><div><br /></div><div>相较前几年5%、6%以上的利率，不少地方的首套房贷利率已跌破4%并在不断下探。提前还贷，似乎成了贷款者与银行双方的一场博弈，前者希望尽快提前还贷降成本，后者则希望前者慢点还或不要提前还。</div><div><br /></div><div><b>在利率高点时买了房，当时却不曾犹豫</b></div><div><br /><div style=""text-align:center; margin-bottom:5px;"" id=""closeAd-1037""><script type=""text/javascript"">&lt;!--// &lt;![CDATA[
    /* [id1037] 财经新闻详细页 Admaru */
    OA_show(1037);
// ]]&gt; --&gt;</script><noscript><a target=""_blank"" href=""https://ad.sinovision.net/www/delivery/ck.php?n=74a0f69""><img border=""0"" alt="""" src=""https://ad.sinovision.net/www/delivery/avw.php?zoneid=1037&amp;n=74a0f69"" /></a></noscript></div><div style=""max-width:300px;float:left;margin:5px 15px 5px 0;""><script type=""text/javascript"">&lt;!--// &lt;![CDATA[
    /* [id884] 财经详情页文包图广告 */
    OA_show(884);
// ]]&gt; --&gt;</script><noscript><a target=""_blank"" href=""https://ad.sinovision.net/www/delivery/ck.php?n=d60518a""><img border=""0"" alt="""" src=""https://ad.sinovision.net/www/delivery/avw.php?zoneid=884&amp;n=d60518a"" /></a></noscript></div></div><div>与房贷利率相关的信息，无一不牵动人心。最近，央行银保监会首套房利率新政、还款年龄延长、延迟退休、医保改革、人口负增长等消息接踵而至，无论是否直接与房相关，都会让人们联想到房贷，联想到几年前自认为不算高点的房贷利率。</div><div><br /></div><div>“2018年，5.88%”“2019年，5.83%”“2020年，5.4%”“2021年，6.37%”，多名前几年购房的年轻人在接受澎湃新闻采访时，都认为自己是在利率高点时买了房，但当时却不曾犹豫。</div><div><br /></div><div>“所有的年轻人都觉得自己买在了高点，在那个蓬勃向上的年份，误以为这个世界是属于他的。当年轻人掏空了口袋，却发现梦想是一文不名的。贷款不可怕，但贷款跟裁员几乎是前后脚来的。”于2019年在江苏南京购房的80后小张向澎湃新闻表示。</div><div><br /></div><div>小张直言，他们这代人受欧美文化影响很大，是看《老友记》成长起来的，笃信断舍离，追求及时行乐。除了2008年的经济危机，他们几乎没遇上过什么坎儿，是有史以来最敢贷款的一代，直到这波开始被教育。</div><div><br /></div><div><b>首套房贷利率大幅下行</b></div><div><br /></div><div>2022年以来，部分地区的按揭贷款利率接连下调。进入5月，先是央行、银保监会宣布下调新发放首套房贷利率下限，由不低于相应期限贷款市场报价利率（LPR）调整为不低于相应期限LPR减20个基点；随后，5年期以上LPR超预期较4月下调15个基点，降至4.45%。这也是自LPR新机制建立以来，5年期以上LPR下调幅度最大的一次。此后，多地首套房贷款利率低至4.25%。</div><div><br /></div><div>进入2023年，央行、银保监会建立首套住房贷款利率政策动态调整机制，明确新建商品住宅销售价格环比和同比连续3个月均下降的城市，可阶段性维持、下调或取消当地首套住房贷款利率政策下限。随之而来的，是又一轮房贷“降息潮”，不少地方的首套房贷款利率已跌破4%，至3.7%甚至3.6%。</div><div><br /></div><div>“房贷对年轻人意味着什么？其实，这意味着更多的机会和更少的自由。”90后小闻告诉澎湃新闻，如果她有房贷，可能会那么想。2020年，她在一座二线城市近400万元全款买了一套房，目前没有房贷。</div><div><br /></div><div>也有在五线城市工作的小吴向澎湃新闻表示，当地房价低，父母出钱付了首付，自己还了一年商贷后全转公积金贷款了，现在每月的公积金可直接冲抵房贷，也没有房贷烦恼。如今结了婚，夫妻二人的公积金，其实还能支持再买一套房。</div><div><br /></div><div>但多数年轻人没这么幸运。几年时间，各城市房贷利率纷纷下行，此前房贷利率超过6%的郑州如今已出现了3.8%的首套房贷款利率。若贷款100万元，按等额本息、30年期限计算，2.5个百分点的利率差则意味着月供存在1500多元的差额。</div><div><br /></div><div><b>提前还贷不易，关注存量贷款会否降息</b></div><div><br /></div><div>可见的是，存量房贷利率过高，或是当下百姓提前还贷的主因。多名90后人士向澎湃新闻表示，如果手头有点钱，还是愿意去提前还贷的，利率相差太大了。但是，提前还贷不容易。</div><div><br /></div><div>如大街小巷上四处播放着的《孤勇者》中所唱：“爱你破烂的衣裳，却敢堵命运的枪。爱你和我那么像，缺口都一样。”缺什么？钱。</div><div><br /></div><div>85后小程在谈及是否会提前还贷时直言，不关注，因为没钱。</div><div><br /></div><div>“我觉得房贷对我没有啥特殊含义，但如果我有钱肯定提前还掉。”90后小于此前在合肥购买首套房时的利率为5.88%，他直言，现在利率太“背刺”（编按：“背后一击”，该词出自游戏当中，也指购买游戏一段时间后，游戏降价甚至免费了，等于给玩家背后刺了一刀）存量房了，也去了解了提前还贷的情况，得去银行预约，还得强硬点。如果银行拖着，不怕费事就说要打电话去银保监投诉，这样就能提前一些，不至于排队到半年后。</div><div><br /></div><div>2月10日，中国人民银行公布的数据显示，1月份人民币贷款增加4.9万亿元，同比多增9227亿元，创下有统计以来单月信贷投放最高纪录。但从结构上看，企事业贷款表现强劲，居民部门贷款持续疲软，占全部新增贷款的比例仅为5%，显示居民部门持续去杠杆的现象仍在持续。</div><div><br /></div><div>央行2022年第四季度城镇储户问卷调查则显示，去年第四季度，全国50个城市2万户城镇储户的收入感受指数、收入信心指数、就业预期指数等均环比下降。去年四季度的收入感受指数为43.8%，比上季下降3.2个百分点。其中，10.8%的居民认为收入“增加”，比上季减少1.3个百分点，65.9%的居民认为收入“基本不变”，比上季减少3.8个百分点，23.3%的居民认为收入“减少”，比上季增加5.2个百分点。收入信心指数为44.4%，比上季下降2.1个百分点。</div><div><br /></div><div>收入预期不稳定、投资收益下行、LPR多次下调等，使得越来越多的人开始关注提前还贷。但这些人的贷款，均为存量房贷。存量房贷利率能不能调整，这个话题略显敏感。此前，银行业人士多明确表示，存量房贷款利率不可能调整。如今，有银行业人士向澎湃新闻表示，这几个月较为“真空”，再等几个月看看，不知道是否会有相关的政策出台。也有专家学者撰文认为存量房贷利率的调整条件已经成熟。</div><div><br /></div><div>不过，对银行而言，无论是提前还贷还是调整存量房贷利率，都会造成自身的经营压力。对于当下的提前还贷行为，一家国有大行人士此前向澎湃新闻表示，房贷收益对于银行来说是一笔长期稳定的生息资产，如果都纷纷提前还款，会影响银行对长期资产的计划安排。</div><div><br /></div><div>亦有银行业人士告诉澎湃新闻，银行不希望房贷业务下降太快，同时也不希望自己已经锁定的收益或有较高收益的优质资产受到太大影响。</div><div><br /></div><div><b>借助消费贷、经营贷置换房贷存在多重风险</b></div><div><br /></div><div>就整体贷款利率看，各地的企业贷款利率屡创新低，个人经营贷、消费贷等利率也保持低位。例如，去年12月，北京新发放企业贷款加权平均利率为3.09%，再创统计以来新低；2022年12月，上海企业贷款加权平均利率为3.59%，比上年末下降62个基点。春节前后，各大银行业务员纷纷开始推销个人信用贷、消费贷业务优惠活动，不少银行的利率低于4%。</div><div><br /></div><div>而与之相比的个人住房贷款利率，虽有下调，但与上述贷款之间的利率仍有差距，存量贷款利率则差距更大。</div><div><br /></div><div>出于对当前收入、未来工作以及经济预期的考量，小张在这几年间多次提前还贷，截至目前已提前还贷175万元。她向澎湃新闻表示，当年的贷款利率是5.83%，但那一年可以轻松的买到年化7%的安全的理财产品。2020年之后，全球经济进入新周期，铺天盖地的裁员新闻也出来了，所以现在能提前还一点是一点。</div><div><br /></div><div>针对当下贷款利率下行的趋势，一些人打起了消费贷、经营贷置换房贷的主意。也正因如此，一些中介也在力推此类业务，称可以节省成本。</div><div><br /></div><div>要注意的是，并非所有人都能承受住房贷转经营贷、消费贷的潜在风险。况且，中介在帮助操作相关转贷时，自身的诉求也是收取中介费。不过，虽然业务不合规，但房贷利率差过大的现状，使得一些人愿意冒险尝试。</div><div><br /></div><div>根据监管规定，经营贷、消费贷都会约定明确的资金用途，“转贷”后，若银行发现贷款人未按约定用途使用相关贷款资金，可以按照贷款人违约而要求提前收回贷款并会影响个人征信等。在期限方面，房贷的时间较长，而消费贷、经营贷的期限较短，且多要求一次性归还本金。若贷款人无稳定的资金来源，贷款到期后不能及时偿还本金，可能产生资金链断裂风险。</div><div><br /></div><div>近几天，一则“南宁房贷年龄期限可延长至80岁”的新闻又冲上热搜榜，这也说明了房贷在贷款期限上的优势。根据相关报道，有银行正式将个人住房按揭贷款借款人的年龄期限从原先的70岁调整至80岁，即便是年满50周岁的购房者，只要符合贷款条件均可按最高30年期限申请房贷。</div><div><br /></div><div>然而，在当下新房和二手房贷款需求双双疲软之际，这一消息在年轻人中获得的反馈却并不一致。有人在相关微博下评论称，“为了套房奋斗到80岁？”更多的人，则关心的是——提前还贷如何退潮？何时才能上车？</div></td></tr></table>

",www.sinovision.net/finance/202302/00527117.htm
1,推特API开始收费 让大地震救援雪上加霜？,0,"<table cellpadding=""0"" cellspacing=""0"" class=""vwtb""><tr><td id=""article_content""><div><a href=""//cdnwww.sinovision.net/data/attachment/portal/202302/13/172103k6m40i7ck49kr7l4.jpg"" target=""_blank""><img alt=""推特API开始收费 让大地震救援雪上加霜？_图1-1"" title=""推特API开始收费 让大地震救援雪上加霜？"" src=""//cdnwww.sinovision.net/data/attachment/portal/202302/13/172103k6m40i7ck49kr7l4.jpg"" /></a><span style=""color: rgb(128, 128, 128);"">救援人员上周日在土耳其东南部安塔基亚的</span><span style=""color: rgb(128, 128, 128);"">震后建筑物上工作。 图片来源：美联社</span></div><div><br /></div><div>美国中文网报道   近日的土耳其和叙利亚大地震发生后，成千上万的志愿者一直在使用一个重要的Twitter工具API来梳理该平台的求救电话，其中包括那些被困在倒塌建筑物中的人。然而，这个起到“生死间桥梁”作用的应用工具，最快将在本周一不能再被免费使用，因为Twitter公司计划收取每月至少100美元的费用。<div style=""text-align:center; margin-bottom:5px;"" id=""closeAd-1037""><script type=""text/javascript"">&lt;!--// &lt;![CDATA[
    /* [id1037] 财经新闻详细页 Admaru */
    OA_show(1037);
// ]]&gt; --&gt;</script><noscript><a target=""_blank"" href=""https://ad.sinovision.net/www/delivery/ck.php?n=74a0f69""><img border=""0"" alt="""" src=""https://ad.sinovision.net/www/delivery/avw.php?zoneid=1037&amp;n=74a0f69"" /></a></noscript></div><div style=""max-width:300px;float:left;margin:5px 15px 5px 0;""><script type=""text/javascript"">&lt;!--// &lt;![CDATA[
    /* [id884] 财经详情页文包图广告 */
    OA_show(884);
// ]]&gt; --&gt;</script><noscript><a target=""_blank"" href=""https://ad.sinovision.net/www/delivery/ck.php?n=d60518a""><img border=""0"" alt="""" src=""https://ad.sinovision.net/www/delivery/avw.php?zoneid=884&amp;n=d60518a"" /></a></noscript></div></div><div><br /></div><div>土耳其最受欢迎的社交平台Eksi Sozluk的创始人塞达特·卡帕诺格鲁(Sedat Kapanoglu)对此表示：“这不仅是为了救援工作，也是为了物流规划，因为受灾人群会在Twitter上传播他们的需求。”而月付100美元，对许多预算有限的志愿者和非营利组织来说，实在价格不菲。</div><div><br /></div><div>因为与救援有关的信息量非常大，人类无法手动完成。所以，非营利组织人员、研究人员和其他志愿者，就需要这种被称为API（Application Programming Interface，应用程序编程接口）的工具来分析Twitter数据。</div><div><br /></div><div>卡帕诺格鲁说，数百名“好心人”一直在分享他们自己的付费API访问密码（Twitter 已提供具有更多功能的付费版本），用于救援工作。但他也表示，这“不可持续，也不是正确方式”，甚至可能违反Twitter的相关规则。</div><div><br /></div><div>本周一是Twitter设定的免费访问API的最后期限，这对土耳其及其它地震受灾区的数千名志愿者而言，是一个额外挑战，因为他们的全天候救援工作非常需要利用Twitter这一独特的开放系统。</div><div><br /></div><div>“对于使用Twitter API进行灾难监控的土耳其编码人员来说，这尤其令人担忧——我想世界上其他使用Twitter数据监控系统的人也同样忧心忡忡，”伊斯坦布尔奥济金大学国际关系教授阿金·温维尔（Akin Unver）说。</div><div><br /></div><div>有分析认为，新的费用会给参与救援的程序员、学者和其他试图使用API的人带来更多负担，这道新筑起的API付费墙是埃隆·马斯克（Elon Musk）接管Twitter后榨取收入的最新尝试。</div><div><br /></div><div>（编辑：刘坤喆）</div></td></tr></table>

",www.sinovision.net/finance/202302/00527110.htm
2,纽约市租房“单身税”全美最高 一年要多付近2万,0,"<table cellpadding=""0"" cellspacing=""0"" class=""vwtb""><tr><td id=""article_content""><div><p><a href=""//cdnwww.sinovision.net/data/attachment/portal/202302/13/153514nvepmzvpk7kwvh3w.jpg"" target=""_blank""><img alt=""纽约市租房“单身税”全美最高 一年要多付近2万_图1-1"" title=""纽约市租房“单身税”全美最高 一年要多付近2万"" src=""//cdnwww.sinovision.net/data/attachment/portal/202302/13/153514nvepmzvpk7kwvh3w.jpg"" /></a></p><p><br /></p></div><div><div>美国中文网报道 在纽约市，单身是很昂贵的。房地产公司Zillow表示，虽然单身人士可能会节省昂贵的情人节约会费用，但他们要为独自生活支付更高的“单身税”。</div><div><br /><div style=""text-align:center; margin-bottom:5px;"" id=""closeAd-1037""><script type=""text/javascript"">&lt;!--// &lt;![CDATA[
    /* [id1037] 财经新闻详细页 Admaru */
    OA_show(1037);
// ]]&gt; --&gt;</script><noscript><a target=""_blank"" href=""https://ad.sinovision.net/www/delivery/ck.php?n=74a0f69""><img border=""0"" alt="""" src=""https://ad.sinovision.net/www/delivery/avw.php?zoneid=1037&amp;n=74a0f69"" /></a></noscript></div><div style=""max-width:300px;float:left;margin:5px 15px 5px 0;""><script type=""text/javascript"">&lt;!--// &lt;![CDATA[
    /* [id884] 财经详情页文包图广告 */
    OA_show(884);
// ]]&gt; --&gt;</script><noscript><a target=""_blank"" href=""https://ad.sinovision.net/www/delivery/ck.php?n=d60518a""><img border=""0"" alt="""" src=""https://ad.sinovision.net/www/delivery/avw.php?zoneid=884&amp;n=d60518a"" /></a></noscript></div></div><div>Zillow的数据显示，在纽约独居一居室公寓的租房者每年比同居夫妻多支付19500元。在曼哈顿，每年的“单身税”更是高达24000元。</div><div><br /></div><div>Zillow所谓的“单身税”是根据独居租房者每年需要为一套中等价位的一居室公寓支付的费用，与伴侣分租同一单元的租房者相比而计算得出的差价。</div><div><br /></div><div>一对夫妻如果共同生活在纽约，平均每年可合计节省39000元。</div><div><br /></div><div>在昂贵的加州湾区，一居室公寓的单身人士租房者也需要支付高昂的费用。旧金山人面临14114元的“单身税”，在所有城市中排名第二，排名第三的是圣何塞的12401元。</div><div><br /></div><div>Zillow的家居趋势专家阿曼达·彭德尔顿（Amanda Pendleton）说，虽然独居允许租房者随心所欲地生活，但“所有这些自由都是有代价的”。</div><div><br /></div><div>“尽管租金价格开始降温，但仍明显高于一年前。”彭德尔顿说，“今年考虑独自生活的租房者必须确定独自生活对他们来说有多重要，以及是否值得付出代价。”</div><div><br /></div><div>在全国范围内，单身人士每年要为中等价位的一居室公寓多支付近7000元。</div></div><div><br /></div><div>（编辑：张启帆）</div></td></tr></table>

",www.sinovision.net/finance/202302/00527106.htm
3,赌徒狂欢！今年超级碗博彩刷爆多项纪录,0,"<table cellpadding=""0"" cellspacing=""0"" class=""vwtb""><tr><td id=""article_content""><div><p><a href=""//cdnwww.sinovision.net/data/attachment/portal/202302/13/130947u80vo8c8vlbvl1zz.jpg"" target=""_blank""><img alt=""赌徒狂欢！今年超级碗博彩刷爆多项纪录_图1-1"" title=""赌徒狂欢！今年超级碗博彩刷爆多项纪录"" src=""//cdnwww.sinovision.net/data/attachment/portal/202302/13/130947u80vo8c8vlbvl1zz.jpg"" /></a></p></div><div><font color=""#808080"">堪萨斯城酋长队的近端锋特拉维斯·凯尔斯在击败费城老鹰队后手捧隆巴尔迪杯（美联社）</font></div><div><br /></div><div>美国中文网报道 第57届超级碗周日落幕，在全美各地博彩公司大肆宣传下，这场赛程的投注量创下新纪录。<div style=""text-align:center; margin-bottom:5px;"" id=""closeAd-1037""><script type=""text/javascript"">&lt;!--// &lt;![CDATA[
    /* [id1037] 财经新闻详细页 Admaru */
    OA_show(1037);
// ]]&gt; --&gt;</script><noscript><a target=""_blank"" href=""https://ad.sinovision.net/www/delivery/ck.php?n=74a0f69""><img border=""0"" alt="""" src=""https://ad.sinovision.net/www/delivery/avw.php?zoneid=1037&amp;n=74a0f69"" /></a></noscript></div><div style=""max-width:300px;float:left;margin:5px 15px 5px 0;""><script type=""text/javascript"">&lt;!--// &lt;![CDATA[
    /* [id884] 财经详情页文包图广告 */
    OA_show(884);
// ]]&gt; --&gt;</script><noscript><a target=""_blank"" href=""https://ad.sinovision.net/www/delivery/ck.php?n=d60518a""><img border=""0"" alt="""" src=""https://ad.sinovision.net/www/delivery/avw.php?zoneid=884&amp;n=d60518a"" /></a></noscript></div></div><div><br /></div><div>今年的超级碗首次在体育博彩合法州举行，早期数据就显示人们对这场重量级赛事的投注热情很高。</div><div><br /></div><div>验证博彩参与者投注地点的企业GeoComply表示，在这个超级碗周末进行了1亿笔体育博彩投注，比去年增长了25%. 其中，在超级碗举办地亚利桑那格伦代尔的State Farm体育场内外，周日当天验证了超过10万笔投注。</div><div><br /></div><div>博彩公司FanDuel预计其超级碗投注量将达到1700万笔，该公司表示，在高峰时段，该公司每秒接受了多达5万次投注，整个比赛期间平台上平均有200万活跃用户。</div><div><br /></div><div>即便在美国最成熟的博彩市场——拉斯维加斯，超级碗的博彩活动也异常的激烈。米高梅度假村表示，昨日的比赛创造了该公司在内华达州的历史最高超级碗投注量，这包括了在拉斯维加斯大道上9家零售体育博彩的投注和通过BetMGM应用程序的网络投注量。</div><div><br /></div><div>“这是BetMGM最成功的超级碗比赛，也是有史以来投注最多的单场体育赛事。”该公司表示。</div><div><br /></div><div>代表博彩业的行业组织美国博彩协会此前预计，有5040万美国人在今年的超级碗比赛中下注了总金额160亿元，创下历史新高，这是是去年预期数字的两倍。这不仅包括对合法体育博彩的投注——该协会的估计值为10亿元，还包括对不受监管的离岸网站和博彩公司的投注、朋友或同事之间的社交赌注等。</div><div><br /></div><div>体育博彩公司已经开始接受明年超级碗的投注，届时超级碗将首次在赌城拉斯维加斯举行。</div><div><br /></div><div>（编辑：张启帆）</div></td></tr></table>

",www.sinovision.net/finance/202302/00527100.htm
4,中国31省市存款盘点：住户人均存款哪里最高？,0,"<table cellpadding=""0"" cellspacing=""0"" class=""vwtb""><tr><td id=""article_content"">来自中国人民银行的数据显示，2022年12月末，本外币存款余额264.45万亿元，同比增长10.8%。2022年全年，人民币存款增加26.26万亿元，同比多增6.59万亿元，其中尤其值得关注的是，住户存款增加17.84万亿元。而作为对照，2021年全年住户存款增加9.9万亿元。这意味着，2022年新增居民储蓄对比上一年有了大幅增长。<div><br /><div style=""text-align:center; margin-bottom:5px;"" id=""closeAd-1037""><script type=""text/javascript"">&lt;!--// &lt;![CDATA[
    /* [id1037] 财经新闻详细页 Admaru */
    OA_show(1037);
// ]]&gt; --&gt;</script><noscript><a target=""_blank"" href=""https://ad.sinovision.net/www/delivery/ck.php?n=74a0f69""><img border=""0"" alt="""" src=""https://ad.sinovision.net/www/delivery/avw.php?zoneid=1037&amp;n=74a0f69"" /></a></noscript></div><div style=""max-width:300px;float:left;margin:5px 15px 5px 0;""><script type=""text/javascript"">&lt;!--// &lt;![CDATA[
    /* [id884] 财经详情页文包图广告 */
    OA_show(884);
// ]]&gt; --&gt;</script><noscript><a target=""_blank"" href=""https://ad.sinovision.net/www/delivery/ck.php?n=d60518a""><img border=""0"" alt="""" src=""https://ad.sinovision.net/www/delivery/avw.php?zoneid=884&amp;n=d60518a"" /></a></noscript></div></div><div>整体而言，北京的人均住户存款高居榜首，达到了26.78万元，其次为上海的21.16万元，浙江以12.74万元领衔除直辖市外的其他省份，其次为江苏10.72万元，山西9.48万元，河北9.31万元。</div></td></tr></table>

",www.sinovision.net/finance/202302/00527088.htm
5,“在上海资产1000万就是穷人家庭” 知名基金经理发声引热议,0,"<table cellpadding=""0"" cellspacing=""0"" class=""vwtb""><tr><td id=""article_content""><div style=""text-align: center;""><p><a href=""//cdnwww.sinovision.net/data/attachment/portal/202302/12/205618kotq6k6ymnnpy6qq.jpg"" target=""_blank""><img alt=""“在上海资产1000万就是穷人家庭” 知名基金经理发声引热议_图1-1"" title=""“在上海资产1000万就是穷人家庭” 知名基金经理发声引热议"" src=""//cdnwww.sinovision.net/data/attachment/portal/202302/12/205618kotq6k6ymnnpy6qq.jpg"" /></a></p></div><div><font color=""#808080"">董承非。资料图</font></div><div><br /></div><div>2月12日，知名私募基金经理，睿郡资产管理合伙人、首席研究官董承非在国内某商业银行渠道进行了兔年开年的交流路演。在本次路演中，董承非表示，“在上海，一个1000万资产的家庭，其实是一个穷人家庭”，因为上海的房价10万、20万（每平米单价）是“随随便便”的常见情况。董承非直播中发言引热议，对此，睿郡资产方面最新回应称，相关自媒体放大的解读更多只是“断章取义”。</div><div><br /><div style=""text-align:center; margin-bottom:5px;"" id=""closeAd-1037""><script type=""text/javascript"">&lt;!--// &lt;![CDATA[
    /* [id1037] 财经新闻详细页 Admaru */
    OA_show(1037);
// ]]&gt; --&gt;</script><noscript><a target=""_blank"" href=""https://ad.sinovision.net/www/delivery/ck.php?n=74a0f69""><img border=""0"" alt="""" src=""https://ad.sinovision.net/www/delivery/avw.php?zoneid=1037&amp;n=74a0f69"" /></a></noscript></div><div style=""max-width:300px;float:left;margin:5px 15px 5px 0;""><script type=""text/javascript"">&lt;!--// &lt;![CDATA[
    /* [id884] 财经详情页文包图广告 */
    OA_show(884);
// ]]&gt; --&gt;</script><noscript><a target=""_blank"" href=""https://ad.sinovision.net/www/delivery/ck.php?n=d60518a""><img border=""0"" alt="""" src=""https://ad.sinovision.net/www/delivery/avw.php?zoneid=884&amp;n=d60518a"" /></a></noscript></div></div><div>值得注意的是，这位私募大佬，在上周两次路演中，对2023年的A股投资展望观点“一针见血”。</div><div><br /></div><div><b>房地产市场波动带来挑战正在开始</b></div><div><br /></div><div>中国证券报记者注意到，有关所谓“在上海1000万资产是穷人家庭”的相关表述，是董承非在路演中提到A股大消费板块“躺赢”全市场十余年之后面临的挑战时所说的话。</div><div><br /></div><div>在路演中，董承非分析表示，以飞天茅台每瓶的价格为例，其本人“入行”时的出厂价只有200多元，但目前1500元左右的价格消费者还在抢，这背后是大众“支付能力”的大幅上升，从某种程度上也是房地产价格持续上涨带来的财富效应。董承非由此延伸：“我经常开玩笑说，在上海，一个1000万资产（总资产）的家庭，其实是一个穷人家庭，因为上海的房价10万、20万（每平米单价）是‘随随便便’的常见情况。”而对于这一财富效应对消费股、消费行业的影响，董承非表示，房地产市场波动给消费支付能力带来的相关挑战正在开始。</div><div><br /></div><div style=""text-align: center;""><p><a href=""//cdnwww.sinovision.net/data/attachment/portal/202302/12/2056259r53v9jkkg3l9ya3.png"" target=""_blank""><img alt=""“在上海资产1000万就是穷人家庭” 知名基金经理发声引热议_图1-4"" title=""“在上海资产1000万就是穷人家庭” 知名基金经理发声引热议"" src=""//cdnwww.sinovision.net/data/attachment/portal/202302/12/2056259r53v9jkkg3l9ya3.png"" /></a></p></div><div><font color=""#808080"">图片来源：某渠道机构</font></div><div><br /></div><div><b>2023年A股“可能会走得更远一些”</b></div><div><br /></div><div>中国证券报记者同时注意到，作为国内公募行业曾经的明星基金经理，董承非上周实际上先后在两家商业银行渠道进行了兔年开年的两场交流路演，而两场路演的交流内容均提到了对今年A股投资策略的“明确思路”。</div><div><br /></div><div>在2月7日晚的路演中，董承非以“寒冬已过，新春复始”为题，分享了自己对2023年A股市场及投资策略的观点。</div><div><br /></div><div>对于2023年的宏观经济，董承非表示，2023年中国经济预计会温和复苏，可能不会出现类似2009年的V型反转。从国家的期望和定调来看，经济增长预计要兼顾速度（经济数据）和质量（长期发展质量）。但这一点对于A股市场而言，“可能会走得慢一些，但可能会走得远一些”。</div><div><br /></div><div>而在上周的两场路演主讲中，董承非也均明确表示，对于2023年的组合配置，其倾向于“大盘股中选深度价值，所以是选大盘价值股；成长股则选小盘”。</div><div><br /></div><div>具体而言，董承非称，深度价值的大盘股主要看股息率。具有比较高股息率的板块和相关个股，资产负债表没有很大杠杆，其业绩可持续性、稳定性相对较高。相关标的在未来很长的一段时间，都属于全社会低风险资金的“稀缺标的”。而作为“攻击”的品种，董承非则强调，从长线来看，会选择质优的一些小盘科技股，作为长线配置。</div><div><br /></div><div>具体细分行业上，董承非表示，目前其在小盘科技股中配置的半导体行业股票相对会多一点。董承非认为，半导体是一个“周期成长行业”，此前半导体周期向下经历了较长时间，很多上市公司的业绩都已经连续三个季度乃至连续四个季度下滑，股价风险也基本得到释放。</div><div><br /></div><div>随着周期向下的因素得到充分的反映，“未来包括现在很火的AI（人工智能），都会加大半导体的需求，所以半导体行业成长的一面肯定会体现出来。”“无论半导体行业是今年上半年复苏，还是今年下半年复苏，至少时间是站在投资者一边”“拿得越长，可能会越有利。”董承非称。</div></td></tr></table>

",www.sinovision.net/finance/202302/00527076.htm
6,微信回应部分用户头像褪色：相关功能已在优化中，尽快恢复,0,"<table cellpadding=""0"" cellspacing=""0"" class=""vwtb""><tr><td id=""article_content""><div>2月12日，有网友反映微信头像出现褪色的情况，用了一段时间的头像照片与原图相比清晰度和色彩变暗淡了。有网友调侃头像“电子包浆”了。</div><div><br /></div><div>对此，微信相关工作人员对中新财经表示，有小部分安卓用户反馈，在头像设置界面选择“查看上一张头像”切回原头像，多次设置的头像色彩会变淡。相关功能已在优化中，尽快恢复。</div><div style=""text-align:center; margin-bottom:5px;"" id=""closeAd-1037""><script type=""text/javascript"">&lt;!--// &lt;![CDATA[
    /* [id1037] 财经新闻详细页 Admaru */
    OA_show(1037);
// ]]&gt; --&gt;</script><noscript><a target=""_blank"" href=""https://ad.sinovision.net/www/delivery/ck.php?n=74a0f69""><img border=""0"" alt="""" src=""https://ad.sinovision.net/www/delivery/avw.php?zoneid=1037&amp;n=74a0f69"" /></a></noscript></div><div style=""max-width:300px;text-align:center;margin:4px auto; margin-bottom:5px;""><script type=""text/javascript"">&lt;!--// &lt;![CDATA[
    /* [id884] 财经详情页文包图广告 */
    OA_show(884);
// ]]&gt; --&gt;</script><noscript><a target=""_blank"" href=""https://ad.sinovision.net/www/delivery/ck.php?n=d60518a""><img border=""0"" alt="""" src=""https://ad.sinovision.net/www/delivery/avw.php?zoneid=884&amp;n=d60518a"" /></a></noscript></div></td></tr></table>

",www.sinovision.net/finance/202302/00527072.htm
7,朋友圈热传！南宁房贷年龄期限可延长至80岁？确有其事,0,"<table cellpadding=""0"" cellspacing=""0"" class=""vwtb""><tr><td id=""article_content""><div>2月11日，南宁多个楼盘对外宣称“住房按揭贷款年龄期限可延长至80岁”，记者从南宁多家银行了解到，确有其事，目前已有部分银行在执行。</div><div><br /></div><div>2月10日深夜，一则“南宁房贷年龄期限可延长至80岁”的信息在南宁人的朋友圈热传。11日，记者走访南宁五象新区、青秀区、兴宁区的多个楼盘发现，至少有8个楼盘在宣传这一房贷新政策。<div style=""text-align:center; margin-bottom:5px;"" id=""closeAd-1037""><script type=""text/javascript"">&lt;!--// &lt;![CDATA[
    /* [id1037] 财经新闻详细页 Admaru */
    OA_show(1037);
// ]]&gt; --&gt;</script><noscript><a target=""_blank"" href=""https://ad.sinovision.net/www/delivery/ck.php?n=74a0f69""><img border=""0"" alt="""" src=""https://ad.sinovision.net/www/delivery/avw.php?zoneid=1037&amp;n=74a0f69"" /></a></noscript></div><div style=""max-width:300px;float:left;margin:5px 15px 5px 0;""><script type=""text/javascript"">&lt;!--// &lt;![CDATA[
    /* [id884] 财经详情页文包图广告 */
    OA_show(884);
// ]]&gt; --&gt;</script><noscript><a target=""_blank"" href=""https://ad.sinovision.net/www/delivery/ck.php?n=d60518a""><img border=""0"" alt="""" src=""https://ad.sinovision.net/www/delivery/avw.php?zoneid=884&amp;n=d60518a"" /></a></noscript></div></div><div><br /></div><div>正在玉象路一楼盘售楼部看房的曹先生说，他年近60岁，此前难以贷款买房，但当天从置业顾问处了解到，按新的房贷政策，他可以正常申请至少20年期限的房贷，这让他有些心动。</div><div><br /></div><div>良玉大道一楼盘售楼部已打出了“再添利好，购房贷款年龄最长可到80岁”的宣传语。置业顾问小玉说，该楼盘与中信银行进行合作推出了该项房贷政策，只要征信正常，男女购房者均可享受。</div><div><br /></div><div style=""text-align: center;""><p><a href=""//cdnwww.sinovision.net/data/attachment/portal/202302/12/021331fybcd66c9bybzb6b.jpg"" target=""_blank""><img alt=""朋友圈热传！南宁房贷年龄期限可延长至80岁？确有其事_图1-3"" title=""朋友圈热传！南宁房贷年龄期限可延长至80岁？确有其事"" src=""//cdnwww.sinovision.net/data/attachment/portal/202302/12/021331fybcd66c9bybzb6b.jpg"" /></a></p></div><div><font color=""#808080"">▲良玉大道一楼盘售楼部打出“再添利好，购房贷款年龄最长可到80岁”的宣传语。南国早报记者 胡宁军摄</font></div><div><br /></div><div>随后，记者向中信银行南宁分行求证，该行个贷部工作人员证实确有其事。</div><div><br /></div><div>该行2月10日已下发通知，正式将个人住房按揭贷款借款人的年龄期限从原先的70岁调整至80岁，即便是年满50周岁的购房者，只要符合贷款条件均可按最高30年期限申请房贷。</div><div><br /></div><div>记者又向南宁市内多家银行了解该房贷新政策。某银行业内人士称，其所在的银行于去年12月30日已经执行该政策，即住房按揭贷款的借款人年龄期限与贷款期限的总和不能够超过80年。</div><div><br /></div><div>当天，大唐地产、龙光地产、银光地产、绿地集团等多家房企的相关营销负责人均称已知悉该项政策，个别房企明确表示“已在跟进”，近期旗下多个主力楼盘将与合作银行推出类似房贷政策。</div></td></tr></table>

",www.sinovision.net/finance/202302/00527057.htm
8,Facebook裁员还未完 媒体称还在盘算预算,0,"<table cellpadding=""0"" cellspacing=""0"" class=""vwtb""><tr><td id=""article_content""><div><p><a href=""//cdnwww.sinovision.net/data/attachment/portal/202302/11/143726xzruu6hwgh8rgzaf.jpg"" target=""_blank""><img alt=""Facebook裁员还未完 媒体称还在盘算预算_图1-1"" title=""Facebook裁员还未完 媒体称还在盘算预算"" src=""//cdnwww.sinovision.net/data/attachment/portal/202302/11/143726xzruu6hwgh8rgzaf.jpg"" /></a></p></div><div><font color=""#808080"">美联社资料图</font></div><div><br /></div><div>美国中文网报道  据媒体周六报道，由于Facebook母公司计划新一轮裁员，Meta推迟了公布团队预算的工作。</div><div><br /></div><div>Facebook母公司Meta推迟公布多个团队的预算，因为正准备进行新一轮裁员。媒体援引两名熟悉情况的Meta员工的话报道称，最近几周，围绕预算和未来员工人数的情况一直不明朗。<div style=""text-align:center; margin-bottom:5px;"" id=""closeAd-1037""><script type=""text/javascript"">&lt;!--// &lt;![CDATA[
    /* [id1037] 财经新闻详细页 Admaru */
    OA_show(1037);
// ]]&gt; --&gt;</script><noscript><a target=""_blank"" href=""https://ad.sinovision.net/www/delivery/ck.php?n=74a0f69""><img border=""0"" alt="""" src=""https://ad.sinovision.net/www/delivery/avw.php?zoneid=1037&amp;n=74a0f69"" /></a></noscript></div><div style=""max-width:300px;float:left;margin:5px 15px 5px 0;""><script type=""text/javascript"">&lt;!--// &lt;![CDATA[
    /* [id884] 财经详情页文包图广告 */
    OA_show(884);
// ]]&gt; --&gt;</script><noscript><a target=""_blank"" href=""https://ad.sinovision.net/www/delivery/ck.php?n=d60518a""><img border=""0"" alt="""" src=""https://ad.sinovision.net/www/delivery/avw.php?zoneid=884&amp;n=d60518a"" /></a></noscript></div></div><div><br /></div><div>本月早些时候，Meta宣布其2023年的支出预计在890亿到950亿元之间，CEO扎克伯格称今年是“效率年”。</div><div><br /></div><div>去年11月，Meta已经裁员1.1万人，占其员工总数的13%。扎克伯格当时在致员工的一封信中说，该公司将裁员13%，也就是超过1.1万名员工。这是这家社交媒体巨头历史上的首轮大规模裁员。</div><div><br /></div><div>扎克伯格在信中说：“今天，我要分享我们在Meta公司历史上做出的一些最艰难的改变。我已经决定将我们的团队规模缩减13%，裁掉超过1.1万名优秀员工。我们还采取了一些额外的措施，通过削减可自由支配的支出，并将冻结招聘的时间延长到明年第一季度，使公司变得更精简、更高效。”</div><div><br /></div><div>同样在去年11月，亚马逊首席执行官安迪•雅西（Andy Jassy）表示，经济的不确定性迫使他和亚马逊的高管做出了裁员的艰难决定。他还说，最近几个月，他和亚马逊的高管一直在审查亚马逊大约50或60个业务部门的详细运营计划，认为需要精简成本。</div><div><br /></div><div>此次裁员将是亚马逊历史上规模最大的一次，主要影响该公司设备部门、零售部门和人力资源部门，将占亚马逊全球员工总数的不到1%，企业员工总数的3%。</div><div><br /></div><div>上个月，微软称将在3月31日前裁员1万人，以应对收入增长放缓。微软首席执行官纳德拉（Satya Nadella）在微软网站上发布的一份备忘录中对员工说：“我相信微软将在这次危机中变得更强大，更具竞争力。”</div><div><br /></div><div>疫情爆发初期，由于企业、政府机构和学校鼓励远程工作以减少新冠感染，对云计算和协作服务的需求回升，这些公司扩大了招聘。然而，不断上涨的价格促使企业在科技支出方面变得更加谨慎，损害了多年来表现优于其他市场板块的科技股的前景。</div><div><br /></div><div>（编辑：张月如）</div><div><br /></div></td></tr></table>

",www.sinovision.net/finance/202302/00527042.htm
9,宁德时代和福特在美建厂进一步敲定细节,0,"<table cellpadding=""0"" cellspacing=""0"" class=""vwtb""><tr><td id=""article_content""><div>宁德时代距离最终实现在美国市场本土化生产的目标，似乎已越来越近。</div><div><br /></div><div>2月11日，据彭博社、路透社等多方报道，福特汽车和宁德时代将结束长达数月且紧张的选址工作，选定在美国密歇根州马歇尔地区建设一座磷酸铁锂电池工厂。投资金额约为35亿美元。</div><div><br /></div><div>知情人士称，工厂将位于密歇根州底特律市以西约100英里，预计将创造约2500 个就业岗位，此次协议最早将会在下周一宣布。宁德时代方面对于澎湃新闻记者的求证，表示暂时不予置评。<div style=""text-align:center; margin-bottom:5px;"" id=""closeAd-1037""><script type=""text/javascript"">&lt;!--// &lt;![CDATA[
    /* [id1037] 财经新闻详细页 Admaru */
    OA_show(1037);
// ]]&gt; --&gt;</script><noscript><a target=""_blank"" href=""https://ad.sinovision.net/www/delivery/ck.php?n=74a0f69""><img border=""0"" alt="""" src=""https://ad.sinovision.net/www/delivery/avw.php?zoneid=1037&amp;n=74a0f69"" /></a></noscript></div><div style=""max-width:300px;float:left;margin:5px 15px 5px 0;""><script type=""text/javascript"">&lt;!--// &lt;![CDATA[
    /* [id884] 财经详情页文包图广告 */
    OA_show(884);
// ]]&gt; --&gt;</script><noscript><a target=""_blank"" href=""https://ad.sinovision.net/www/delivery/ck.php?n=d60518a""><img border=""0"" alt="""" src=""https://ad.sinovision.net/www/delivery/avw.php?zoneid=884&amp;n=d60518a"" /></a></noscript></div></div><div><br /></div><div>此前有报道称，在双方合作建厂的具体方式上，两家公司正在考虑一种合作关系，福特拥有电池工厂，而宁德时代运营电池的生产。上述合作模式，将使得电池工厂能够充分利用美国联邦政府《通货膨胀削减法案》（IRA）的税收优惠，同时也不需要宁德时代的直接财务投资。</div><div><br /></div><div>福特在此前的声明中表示，正在探索使用宁德时代技术的电池用于其汽车，并计划实现北美本地化生产。</div><div><br /></div><div>宁德时代在美国建厂的消息早在去年已经传出。去年7月，福特宣布了采购电池和原材料的计划，以实现其年度电动汽车生产目标，其中就包括与宁德时代合作。</div><div><br /></div><div>据福特当时透露，宁德时代将从2023年开始为福特在北美的全电动SUV野马Mach-E车型提供磷酸铁锂电池包，并在2024年初为全电动卡车车型F-150闪电提供磷酸铁锂电池包。这是福特首次将磷酸铁锂电池使用到其产品组合中。</div><div><br /></div><div>然而，宁德时代在美国的扩张很快就遇到了更多的阻力。路透社称，其中包括去年8月，拜登政府颁布包括出口管制在内的各种措施，限制美国公司在中国科技领域的投资。在各种因素下，宁德时代决定推迟宣布在北美地区建造电池厂的进展消息。</div><div><br /></div><div>此前工厂的候选地址原本还有弗吉尼亚州。但去年12月，弗吉尼亚州州长、共和党人杨金(Glenn Youngkin)宣布弗吉尼亚州退出了该项目的选址候选。</div><div><br /></div><div>两名知情人士上周早些时候向路透社表示，两名福特汽车的政府事务高管在2月9日会见了底特律州卡尔霍恩县领导人，向他们简要介绍了工厂方案的细节。</div><div><br /></div><div>在全球电动车市场中，受政府大规模补贴政策助推，北美市场正冉冉升起。2022年，美国新能源汽车销量达到99.2万辆，临近百万大关，同比增长近52%。中银证券研报指出，目前美国市场动力电池主要由松下、LG新能源、SK on提供，其中松下与特斯拉绑定、LG新能源与通用绑定、SK on与福特绑定，三者合计产能约90GWh。</div><div><br /></div><div>虽然特斯拉也是宁德时代的第一大客户，但在北美市场的本土化产能缺位，或许是作为全球动力电池龙头的宁德时代的心头之痛。</div><div><br /></div><div>其海外对手中，LG新能源已跟通用汽车、本田、Stellantis合作，在美国本土建设电池厂。其中和通用合资的三座电池厂中两座已经投产，并获得了美国能源部的25亿元贷款。其他两家韩国公司，三星SDI也正与Stellantis合作、SK On正与现代汽车、福特汽车进行合作，分别在美国建设合资工厂。</div><div><br /></div><div>而日本松下也与特斯拉在内华达州的超级工厂合作进行电池的生产，并计划在2025年在堪那斯州再设立一家电池厂。</div><div><br /></div><div>国内竞争者中，国轩高科和远景动力也在去年宣布了分别在美国密歇根州和南卡罗来纳州投建电池厂的规划。</div><div><br /></div><div>在去年年初的投资者大会上，宁德时代董事长曾毓群说，美国市场，是宁德时代一定要进去的。如今，最艰难的时段或许已经过去。</div><div><br /></div><div>不过，此前也有业内人士提醒，“过高的劳动力成本以及贸易摩擦是国内企业在欧美等海外市场建厂普遍要面临的问题。”</div><div style=""text-align: center;""><p><a href=""//cdnwww.sinovision.net/data/attachment/portal/202302/11/0520095wxerzb1pvvesvb0.jpg"" target=""_blank""><img alt=""宁德时代和福特在美建厂进一步敲定细节_图1-3"" title=""宁德时代和福特在美建厂进一步敲定细节"" src=""//cdnwww.sinovision.net/data/attachment/portal/202302/11/0520095wxerzb1pvvesvb0.jpg"" /></a></p></div><div style=""text-align: center;""><font color=""#808080"">今年1月26日，动工三年多后，宁德时代位于德国图林根州阿恩施塔特的电池工厂投产</font></div><div style=""text-align: center;""><br /></div><div>曾毓群也坦言，宁德时代和美国客户合作的具体情况需考虑到工人培训、效率、工会等因素对品质与成本的影响。</div><div><br /></div><div>根据全球资讯机构SNE research最新的统计数据，2022年全年，宁德时代动力电池的装车量实现191.6 GWh，全球市场的份额达到了37%，相当于其后比亚迪、LG新能源、松下、SK on四家巨头动力电池市占率的加总。</div></td></tr></table>

",www.sinovision.net/finance/202302/00527035.htm
10,沃尔玛不满供应商不停加价 将力推自有品牌产品,0,"<table cellpadding=""0"" cellspacing=""0"" class=""vwtb""><tr><td id=""article_content""><div><p><a href=""//cdnwww.sinovision.net/data/attachment/portal/202302/10/145512uu4l2xtfss1utl7t.jpg"" target=""_blank""><img alt=""沃尔玛不满供应商不停加价 将力推自有品牌产品_图1-1"" title=""沃尔玛不满供应商不停加价 将力推自有品牌产品"" src=""//cdnwww.sinovision.net/data/attachment/portal/202302/10/145512uu4l2xtfss1utl7t.jpg"" /></a></p></div><div><font color=""#808080"">美联社资料图</font></div><div><br /></div><div>美国中文网报道  据媒体周五报道，沃尔玛公司警告供应商价格上涨的问题。该公司计划向消费者推销自有品牌产品，作为品牌商品的廉价替代品。</div><div><br /><div style=""text-align:center; margin-bottom:5px;"" id=""closeAd-1037""><script type=""text/javascript"">&lt;!--// &lt;![CDATA[
    /* [id1037] 财经新闻详细页 Admaru */
    OA_show(1037);
// ]]&gt; --&gt;</script><noscript><a target=""_blank"" href=""https://ad.sinovision.net/www/delivery/ck.php?n=74a0f69""><img border=""0"" alt="""" src=""https://ad.sinovision.net/www/delivery/avw.php?zoneid=1037&amp;n=74a0f69"" /></a></noscript></div><div style=""max-width:300px;float:left;margin:5px 15px 5px 0;""><script type=""text/javascript"">&lt;!--// &lt;![CDATA[
    /* [id884] 财经详情页文包图广告 */
    OA_show(884);
// ]]&gt; --&gt;</script><noscript><a target=""_blank"" href=""https://ad.sinovision.net/www/delivery/ck.php?n=d60518a""><img border=""0"" alt="""" src=""https://ad.sinovision.net/www/delivery/avw.php?zoneid=884&amp;n=d60518a"" /></a></noscript></div></div><div>沃尔玛表示，任何价格上涨即使只是几分钱，都会产生负面影响，可能促使一些购物者到一元店或Costco等连锁店寻找便宜货。</div><div><br /></div><div>鼓吹“天天低价”政策的沃尔玛去年提高了牛奶、冷冻食品和洗涤剂等产品的价格。</div><div><br /></div><div>零售咨询公司Strategic Resource Group的董事总经理伯特•弗利金杰（Burt Flickinger） 指出，现在随着纸箱成本下降40-50%，运输成本下降25-30%，原材料成本大幅下降，像沃尔玛这样的零售商会质疑供应商为什么还要继续涨价。</div><div><br /></div><div>Schick剃须刀制造商Edgewell Personal Care的首席执行官罗德•利特尔（Rod Little） 告诉媒体，“未来将新的价格上涨传递给零售商将非常困难。”沃尔玛是 Edgewell最大的客户。</div><div><br /></div><div>生产汰渍洗涤剂（Tide）和帮宝适尿布（Pampers）的宝洁公司（Procter &amp; Gamble）上个月表示，尽管销量下降，但它们仍将继续提价。该公司通过沃尔玛销售价值超过100亿元的产品。</div><div><br /></div><div>沃尔玛自己的品牌如Great Value和Equate生产的产品将直接与其他供应商公司的产品竞争。根据研究公司Numerator对2022年最后一个季度的交易进行的研究，全美网上购买的品牌商品中，有43%是在Walmart.com上购买的。</div><div><br /></div><div>沃尔玛此前发生过曾因价格纠纷将产品下架的事情。 2018年，沃尔玛因价格和货架空间促销方面的争议，在关键的冬季销售期间下架了金宝汤公司（Campbell Soup Co.’s）的产品。</div><div><br /></div><div>（编辑：张月如）</div></td></tr></table>

",www.sinovision.net/finance/202302/00527006.htm
11,ChatGPT引发失业恐慌？李开复称这20种工作危险,0,"<table cellpadding=""0"" cellspacing=""0"" class=""vwtb""><tr><td id=""article_content""><div>2月10日消息，ChatGPT引发的关注热度仍在持续，今日创新工场创始人李开复撰文谈到ChatGPT引发失业恐慌。</div><div><br /></div><div>他提到，ChatGPT为代表的人工智能技术是否彻底取代人类的工作？哪些工作岌岌可危？你和孩子应该怎么“避坑”？</div><div><br /></div><div>文中，李开复列举了20项AI容易取代的工作。看看有没有你正在做的。</div><div><br /></div><div><b>以下为李开复《ChatGPT引发失业恐慌？这20种工作要避开》内容：</b></div><div><br /></div><div>以下是未来将会“名存实亡”的10种工作，和看似金饭碗实则已经“危机四伏”的10种工作。我列出这些具体职业，主要带大家探讨 被AI能力取代的种种职业特征，让读者们能更客观去分析自己面临的处境。我在《AI·未来》一书中，对于AI取代人类工作有更 完整的描述，推荐大家阅读。<div style=""text-align:center; margin-bottom:5px;"" id=""closeAd-1037""><script type=""text/javascript"">&lt;!--// &lt;![CDATA[
    /* [id1037] 财经新闻详细页 Admaru */
    OA_show(1037);
// ]]&gt; --&gt;</script><noscript><a target=""_blank"" href=""https://ad.sinovision.net/www/delivery/ck.php?n=74a0f69""><img border=""0"" alt="""" src=""https://ad.sinovision.net/www/delivery/avw.php?zoneid=1037&amp;n=74a0f69"" /></a></noscript></div><div style=""max-width:300px;float:left;margin:5px 15px 5px 0;""><script type=""text/javascript"">&lt;!--// &lt;![CDATA[
    /* [id884] 财经详情页文包图广告 */
    OA_show(884);
// ]]&gt; --&gt;</script><noscript><a target=""_blank"" href=""https://ad.sinovision.net/www/delivery/ck.php?n=d60518a""><img border=""0"" alt="""" src=""https://ad.sinovision.net/www/delivery/avw.php?zoneid=884&amp;n=d60518a"" /></a></noscript></div></div><div><br /></div><div><b>最危险TOP10种工作</b></div><div><br /></div><div>从事这些工作的朋友，需要提前做好规划了！</div><div><br /></div><div>1．电话营销员/电话销售</div><div><br /></div><div>电话销售将是最快被AI取代的岗位之一，和ChatGPT对话展现了这类能力。你很可能接到过自动语音来电，未来这类电话会变 得越来越自然。在由AI主导的单一领域对话中，AI也更容易达到真实的效果。此外，AI会通过顾客资料、购买历史以及表情识 别，找到吸引顾客的方法。例如，使用温和的女性声音或有说服力的男性声音，向冲动型购买者进行追加销售，用价格、类别均 合适的商品来锁定顾客。与人工电话销售员相比，AI几乎是零成本，而且不抱怨、绩效高、与商业逻辑高度一致，所以电话销售 类工作是没有未来的。如果你正从事电话销售，可以考虑换成面对面销售或其他需要和人们打交道的工作。</div><div><br /></div><div>2．客户服务</div><div><br /></div><div>客服互动会随着AI的应用而增加。不过，鉴于这类工作的重复性（通常会有教科书式的应答方法作为参考），客服岗位将在很大 程度上被AI取代。这一过程会分为几个阶段进行。最先被取代的将是聊天机器人和邮件客户服务，接着是涉及大量来电和相对简 单产品/服务的语音服务。一开始，AI将和人类联手工作，由AI提供建议性的答案、主题和固定回复。人类则将充当后备人员， 处理AI无法处理的聊天或来电/（譬如来电者处于愤怒状态）/。这样将会缩短顾客的等待时间、提高问题解决率/（因为使用AI的 前提是确认它可以解决问题）/并大大降低成本。这一过程会为AI积累大量数据，并最终使得AI的工作表现超过人类。如果你从 事的是客户服务工作，可以从文本支持转向语音支持、从轻度支持转向深度支持、从电话/互联网服务转向面对面服务，同时也 应该学习共情、沟通和劝说的技巧。</div><div><br /></div><div>3．仓库工人</div><div><br /></div><div>XYZ等码垛机器人已经开始替代人力进行分拣，捷象灵越、壹悟科技等无人叉⻋可以把货品货架准确运送到仓库指定位置，这些 产品已经陆续开进了不少世界五百强企业的内部仓库。随着计算机视觉和机器人操控技术的发展，AI将很快能从事搬箱、装⻋以 及其他仓库工作。仓储物流自动化的趋势愈发不可阻挡，和工厂相比，仓库自动化所需的精度低，因此更容易实现。</div><div><br /></div><div>4．出纳和运营人员</div><div><br /></div><div>一世界五百强银行已宣布将网店运营人员的数量从两万名裁减至一万名。这些都是和数据、信息打交道的“无名”中间人，他们负 责的工作包括文件存档、处理、采购、库存管理、错误勘查、销售额估算、向管理层报告调查结果等。随着商务流程的电子化， 商务智能系统可以让整个流程实现自动化，AI甚至能直接做出决策。这一现象不仅发生在银行业，也将出现在每一个和海量数据 打交道的大公司。在AI时代，没有人会想成为千人一面的数据处理员。</div><div><br /></div><div>5．电话接线员</div><div><br /></div><div>电话接线员是电话类工作中最不需要用到人际技巧的工作。现在语音识别越来越精准/（微软的语音识别已经超过了人类水 平/），以情景对话为导向的语音合成也越来越自然/（谷歌的语音合成与人声几无区别）/。另外，电话类工作也随着更多的人依 赖信息而受到挑战，因此被彻底淘汰只是时间问题。</div><div><br /></div><div>6．出纳员/收银员</div><div><br /></div><div>出纳员和收营员正在被ATM机和自助结账机取代。日益激烈的竞争迫使零售商、银行和快餐公司大量精简人工流程。无人商店 已经预示了一个商店完全无人化的未来。不过，由于无人商店价格高昂、移动支付尚未普及且摄像头和面部识别仍存在隐私问 题，无人商店不会迅速地大规模铺设。但如果你是一名收营员，可先别感到松了口气。基于射频识别/（RFID）/和计算机视觉的 自助结账机正来势汹汹，一同来袭的还有智能贩卖机和小型便利店。是时候换份销售助理的工作了，最好是那种会对亲和力与说 服力进行评估和奖励的工作。</div><div><br /></div><div>7．快餐店员</div><div><br /></div><div>食物的准备工作兼具重复性和场所固定两大特点，因此将不可避免地被AI取代。现有的连锁餐厅已经开始推广自动化点餐流程，很可能不久后便会使用面部识别和语音识别技术。下一步自然就是对食物的准备和烹饪进行自动化了。另外，未来还将出现烹饪和上菜全自动化的全新平价连锁餐厅。这些“机器人餐厅”将抢走传统快餐行业的生意，从而导致快餐店员工数量下降。</div><div><br /></div><div>8．洗碗工</div><div><br /></div><div>不要把洗碗机想像成一个机器人，而要把它想像成一个超大型洗碗机，能直接从餐桌上撤下碗碟/（当然还有⻝物、⻣头、餐巾 和其他餐具）/，然后把碟碗和银器洗得锃亮。这些洗碗机价格的确比较高，但是对于大型餐厅而言，和省下来的人力成本相 比，仍然是可以接受的。假以时日，大规模的投产会使洗碗机的成本降低。如果你现在正从事洗碗这类重复性劳动，是时候接受 培训，换份重复性较小的工作了。</div><div><br /></div><div>9．生产线质检员</div><div><br /></div><div>随着创新奇智等“AI+制造”公司在工业AI质检场景方面的崛起和成熟，工作重复性高、工作环境固定生产线将会逐渐被淘汰。整 个淘汰过程有可能⻓达二十年之久，因为操控机器人对AI来说仍有难度。但也有一些AI容易上手的生产线工作，比如检查商品的 损毁和瑕疵情况/（像是检查iPhone装壳这类保证产品美观的工作，或是检查电路板这类保证产品功能的工作）/。这类工作利用 了电脑视觉的快速发展，同时需要很少、甚至完全无需操控。对人类检查员来说，这种工作既麻烦又累人，特别伤眼睛。所以， 是时候换一份对健康伤害小、对灵敏度要求高、需要在非固定结构的新环境中从事的工作了。</div><div><br /></div><div>10．快递员</div><div><br /></div><div>快递员和送货员正在被快递机器人、小型汽⻋、大型卡⻋以及无人机取代。最先出现的将是结构化环境中的室内配送服务/（酒 店客房和公寓）/，之后会延伸至非公共道路，最后渗透整个快递行业。电子商务会持续增⻓，快递需求也会随之增加，但快递 工作绝不是个好选择，其中涉及的人类专有技能和人际互动微乎其微。</div><div><br /></div><div>“外强中干”工作TOP10</div><div><br /></div><div>这些工作看上去是金饭碗，其实危机四伏</div><div><br /></div><div>1．销售与市场研究</div><div><br /></div><div>研究工作看上去相当复杂，很难被取代。不过，“研究”这个词语被赋予了过多的语义。销售和市场研究/（或任何普通的数据研 究）/工作如今更多是对大数据进行筛选，从中得出洞⻅。对人类来说，管理如此庞大、多维和复杂的数据将会越来越困难。⻨ 肯锡把这类工作归为“极易受自动化影响”的职业。</div><div><br /></div><div>2．保险理赔员</div><div><br /></div><div>保险理赔员需要处理大量的一般性金钱索赔。为了妥善处理每一笔索赔，他们需要仔细检查大量的数据，应对各种不确定因素。 保险公司通常只会随机抽查，或自动接受小额索赔要求。有了AI，所有索赔都可比照历史数据进行核实，这样一来，欺诈率会大 幅降低，理算的数值基础也会更坚实可靠。另外要注意的是，保险业是一个充斥巨额利润和庞大开支、同时缺乏透明度和信息对 称性的大型数字游戏，它必然会成为AI以全新模式破旧立新的首要目标。</div><div><br /></div><div>3．保安人员</div><div><br /></div><div>有些办公室和固定环境已经开始使用“安保机器人“，还有一种成本效益更高的做法是将多台相机与一个能实施监控的AI系统相连 接。这两种方式不仅会用到照相机和⻨克⻛，还动用了深度传感器、气味探测器和热成像系统。传感器会把信号输送给AI，以检 测场所的入侵（/甚至在漆黑环境中也可正常工作/）、起火以及燃气泄漏等情况。这两种安保机器人仍需要一定的人为监控（/在 大型场所的专用监控室或小型场所的响应中心进行/），但是保安职位将大幅减少。各场所至少会配备一名现场保安与人直接沟 通、处理棘手的情况以及管理“AI系统”。这会是一份薪酬可观的工作，安保人员可以通过学习熟练使用AI系统，保住自己的饭 碗。</div><div><br /></div><div>4．卡车司机</div><div><br /></div><div>由于卡车主要在高速公路上行驶，而高速公路是无人驾驶最易付诸应用的场景，因此，一旦无人驾驶技术变得成熟（我预测在三至五年），卡车司机就会成为最先被取代的职业之一。虽然一些国家的工会和政客会保护这一职业，延长该工种的寿命，但无人驾驶技术仍将在其他国家兴起，且技术会不断精进，因此卡车司机的职位将无可避免地被取代。</div><div><br /></div><div>5．消费者贷款受理人</div><div><br /></div><div>AI擅⻓处理海量数据、做简单的决策以及进行精准判定。贷款正好就属于这类工作：银行存有海量的贷款历史数据，要做的决定 只是是否批准贷款，而对客户的判定也只需参看用户是否存在还款拖欠纪录。AI贷款审批员可以基于核查更多的信息来决定是否 批准贷款。我们已经看到，AI在保持原有批准率的同时，所批的项目违约率大大低于人工批准的项目。</div><div><br /></div><div>6．财经和体育记者</div><div><br /></div><div>AI的文笔自然比不上夺得世界新闻奖的深度报道杰作。不过，由于大部分新闻都是对相似事件的重复性描述（如公司的季度营收 报告或足球比赛），因此可交由AI处理，它们甚至可以在报道中加上包含画外音的多⻆度视频。另外，AI可以根据历史点击数据 生成吸引人的标题（当然还是要经过编辑的把关）。</div><div><br /></div><div>7．记账员与财务分析师</div><div><br /></div><div>自动化将在会计业的未来发展中发挥重要作用。记账员将是最先受到AI影响的岗位。自动数据录入和核对功能正在抢走记账员越 来越多的工作，因AI能够发现规律，从而帮助企业主深入了解公司的业务情况。会计业的未来将取决于企业是否需要从人工端获 取信息。从事这一领域的人应该从交易型和重复分析型工作转至以获取洞⻅为导向的工作。建立信任并深入了解管理层的需求/（不仅仅局限于公司本身）/将是会计业中最不可替代的工作。</div><div><br /></div><div>8．水果采摘者</div><div><br /></div><div>农业中的许多工作都是重复性的，如拖拉机驾驶、播种、除草、监测和水果采摘。水果采摘工资低、违反人体工学，因此并不是 份理想的工作。有几家初创企业正在运用更为完善的计算机视觉和机器人技术来开发水果采摘机器人。在较为富裕的国家，农业 机器人可以接过人们不再想做的工作。一旦农业机器人的成本因大量采用而降低，粮⻝生产就可能实现完全自动化，这将有助于 在世界范围内消除饥荒/（同时农场工作也将彻底消失）/。</div><div><br /></div><div>9．专业投资人员</div><div><br /></div><div>在金融业中，最先受到自动化浪潮冲击的便是大宗商品交易所。很多类型的投资工作都需要消化大量的信息或进行极其快速的决 策，这两项工作都适合交给AI完成。量化交易、个性化的机器人投资顾问，以及更加依赖大数据和AI对共同基金进行积极型管理 的买方证券研究就是AI应用的实例。当然，在企业并购、天使投资和机构化信贷产品中仍存在许多顶级的投资工作，但在未来十 年内，受AI影响的高收入投资人员数量将是非常庞大的。</div><div><br /></div><div>10．放射科医师</div><div><br /></div><div>AI取代的职位不仅局限于低收入工作。纽约的放射科医师平均年入47万美元。好几年来，我都把放射科医生作为例子。起初人 们并不相信这种职业会被取代，但是最近，几个AI科学家演示了AI技术如何通过X光、MRI或CT来诊断特定类型的癌症/（黑色 素瘤、肺癌）/，其诊断表现已能达到人工水平。另一家公司也展示了AI技术如何对流经心脏的血液进行分析，其分析速度是人 类医生的180倍。尽管AI还需一段时间才能取代放射科医师的大部分工作，但如果你在考虑学医，这肯定是一个要避开的领域。</div></td></tr></table>

",www.sinovision.net/finance/202302/00526994.htm
12,中国国产邮轮首制船将于今年5月底出坞 年底交付,0,"<table cellpadding=""0"" cellspacing=""0"" class=""vwtb""><tr><td id=""article_content""><div>中国船舶集团旗下外高桥造船有限公司10日公布全年生产经营目标：计划交付23艘，营收、产值目标比去年增长40%。今年还将开工24艘。最受关注的国产邮轮首制船将于今年5月底出坞，年底交付。</div><div><br /><div style=""text-align:center; margin-bottom:5px;"" id=""closeAd-1037""><script type=""text/javascript"">&lt;!--// &lt;![CDATA[
    /* [id1037] 财经新闻详细页 Admaru */
    OA_show(1037);
// ]]&gt; --&gt;</script><noscript><a target=""_blank"" href=""https://ad.sinovision.net/www/delivery/ck.php?n=74a0f69""><img border=""0"" alt="""" src=""https://ad.sinovision.net/www/delivery/avw.php?zoneid=1037&amp;n=74a0f69"" /></a></noscript></div><div style=""max-width:300px;float:left;margin:5px 15px 5px 0;""><script type=""text/javascript"">&lt;!--// &lt;![CDATA[
    /* [id884] 财经详情页文包图广告 */
    OA_show(884);
// ]]&gt; --&gt;</script><noscript><a target=""_blank"" href=""https://ad.sinovision.net/www/delivery/ck.php?n=d60518a""><img border=""0"" alt="""" src=""https://ad.sinovision.net/www/delivery/avw.php?zoneid=884&amp;n=d60518a"" /></a></noscript></div></div><div style=""text-align: center;""><p><a href=""//cdnwww.sinovision.net/data/attachment/portal/202302/10/035646ywccszkwoe33ryra.jpg"" target=""_blank""><img alt=""中国国产邮轮首制船将于今年5月底出坞 年底交付_图1-3"" title=""中国国产邮轮首制船将于今年5月底出坞 年底交付"" src=""//cdnwww.sinovision.net/data/attachment/portal/202302/10/035646ywccszkwoe33ryra.jpg"" /></a></p></div><div style=""text-align: center;""><font color=""#808080"">首制邮轮发动机舱已基本完成建造  新民晚报</font></div><div style=""text-align: center;""><br /></div><div>2022年，外高桥造船聚焦数字化转型、信息化集成和精细化管理，全力推进“邮轮引领、民船海工一体两翼”发展战略，提前一个半月完成了年度交船任务，并在此基础上超额交付1艘19万吨双燃料散货船，全年累计完工交付17+（1）艘（座）、321.4万载重吨。</div><div><br /></div><div>建造国产邮轮，不仅标志着中国邮轮产业生态链更加完整，也给邮轮旅游业务注入新的动力。</div><div><br /></div><div>中国首艘豪华邮轮的运营企业——中船邮轮有限公司去年推出了中国邮轮自主品牌——爱达邮轮。爱达邮轮将建设海上大型免税购物中心，建造近2000平方米的海上购物空间，为游客提供潮流购物新体验；实现全船5G移动网络覆盖与应用，打造全球首艘“5G邮轮”；与开心麻花合作，打造中国首个海上喜剧专场。开心麻花团队将在爱达邮轮上全年无间断演出独家的主舞台剧和酒吧沉浸式Live秀。</div><div><br /></div></td></tr></table>

",www.sinovision.net/finance/202302/00526987.htm
13,记者调查中国多地提前还贷潮：预约像抢票,0,"<table cellpadding=""0"" cellspacing=""0"" class=""vwtb""><tr><td id=""article_content""><div>“预约后，我等了1个多月才提前还了购房贷款。”2月8日，谈起去中国银行提前还贷的感受，重庆市民刘女士（化名）向上游新闻记者表示，她原打算在去年11月份还部分贷款，没想到填表预约后，排队1个多月就还了。“当时工作人员说我，搞得还是快，如果再晚点预约，就要排队2个多月了。”提前还钱为何还要排队？2月8日，农业银行重庆个人贷款中心一名工作人员回应上游新闻记者称：“让住房贷款提前客户排队是银行的一种管控政策。目前各家银行都有类似管控政策。”</div><div><br /></div><div><b>现象：</b><div style=""text-align:center; margin-bottom:5px;"" id=""closeAd-1037""><script type=""text/javascript"">&lt;!--// &lt;![CDATA[
    /* [id1037] 财经新闻详细页 Admaru */
    OA_show(1037);
// ]]&gt; --&gt;</script><noscript><a target=""_blank"" href=""https://ad.sinovision.net/www/delivery/ck.php?n=74a0f69""><img border=""0"" alt="""" src=""https://ad.sinovision.net/www/delivery/avw.php?zoneid=1037&amp;n=74a0f69"" /></a></noscript></div><div style=""max-width:300px;float:left;margin:5px 15px 5px 0;""><script type=""text/javascript"">&lt;!--// &lt;![CDATA[
    /* [id884] 财经详情页文包图广告 */
    OA_show(884);
// ]]&gt; --&gt;</script><noscript><a target=""_blank"" href=""https://ad.sinovision.net/www/delivery/ck.php?n=d60518a""><img border=""0"" alt="""" src=""https://ad.sinovision.net/www/delivery/avw.php?zoneid=884&amp;n=d60518a"" /></a></noscript></div></div><div><b><br /></b></div><div><b>“以前每天不到50人，现在超200人”</b></div><div><br /></div><div>刘女士所购买的房屋位于重庆市两江新区。她告诉上游新闻记者，去年11月，为了降低生活成本和贷款压力，她把一笔理财收益拿来还贷。她联系银行时被告知：不能线上办理还款手续，需到柜台填表预约还款时间。</div><div><br /></div><div>去年11月底，刘女士到银行填表办手续，她没想到的是，她只能排在今年1月的还款队伍里，1月13日才完成提前还款。“万万没想到，把钱还给银行要排队，还要到柜台排队办各种手续。”</div><div><br /></div><div>上游新闻记者注意到，像刘女士这样提前还住房贷款的情况并非个案。2月8日，上游新闻记者以客户身份致电位于九龙坡区杨家坪的农业银行个人贷款中心，一位工作人员表示：“还贷业务已收归个贷中心集中处理，客户本人持身份证原件到柜台填写预约申请资料，提交系统审核通过后排队，付款前会通知客户把钱存到还款卡上，由系统自动扣款。”</div><div><br /></div><div>就预约提前还住房贷的情况，上游新闻记者咨询了市内多家银行获悉，客户预约提前还贷没有门槛，按照贷款合同，均需要贷款人持身份证原件，到柜台填表预约后排队等候通知还贷即可。</div><div><br /></div><div>“没有门槛，但各支行的政策有所不同，不过我们银行大政策是这样的。”重庆银行两江分行的工作人员在接受记者咨询时说。</div><div><br /></div><div>不过，上游新闻记者注意到，在客户排队还贷的时间上，各行大相径庭。上述重庆银行两江分行的工作人员称：“客户经理代客户填申请单子后提交多层领导审核，有时候也要看领导在不在。一般在一周之内审批申请就能下来，再通知客户来柜台办手续，然后排队还贷，这个过程快的一周，慢的要两三周。”</div><div><br /></div><div>兴业银行工作人员告诉上游新闻记者：“线上预约成功之后，客户可到就近线下网点办理预约申请排队，前段时间可能要1个月时间，后来我们做了调整，大概15个工作日就可以扣款。”“每个月预约的额度很快就满了，大家就像是在抢电影票，没抢到的客户都只有等下个月或下下个月。”</div><div><br /></div><div>与兴业银行还款只要15个工作日相比，有些银行就没这么轻松。农行杨家坪个贷中心工作人员告诉记者：“按目前排队量看，可能有三四个月或以上都是有可能的。”</div><div><br /></div><div>某银行沙坪坝支行的工作人员介绍：“元旦节过后到现在，我看到每天基本上都是200多名客户来预约还款，以前最多不到50个客户，现在增加了几倍。现在来填表预约的话，要排队到5月份了。”她提醒，“要预约就尽快来柜台填表，如果5月份额度预约满了，就会排到6月份了。”</div><div><br /></div><div style=""text-align: center;""><p><a href=""//cdnwww.sinovision.net/data/attachment/portal/202302/10/011010bbbbm74mjxmqa1q7.jpeg"" target=""_blank""><img alt=""记者调查中国多地提前还贷潮：预约像抢票_图1-3"" title=""记者调查中国多地提前还贷潮：预约像抢票"" src=""//cdnwww.sinovision.net/data/attachment/portal/202302/10/011010bbbbm74mjxmqa1q7.jpeg"" /></a></p></div><div><font color=""#808080"">▲近几年个人住房贷款加权平均利率走势一览。 数据来源：同花顺iFinD</font></div><div><br /></div><div><b>原因：</b></div><div><b><br /></b></div><div><b>“银行出台管控政策，每月都有额度”</b></div><div><br /></div><div>排队提前还住房贷并非重庆独有现象。据北京日报报道，提前还房贷正成为不少北京人的选择，多数银行都需要提前预约办理，排队时长至少1个月以上。北京、上海、广州、深圳、成都等一线城市均出现提前还房贷潮，某国有银行提前还贷的业务已经排到今年十月份了，该行专门开会讨论如何应对“还款激增”问题。</div><div><br /></div><div>提前还贷为何越来越难？上游新闻记者采访中发现，“额度”是银行工作人员口中的高频词。重庆市银行业内资深人士段先生（化名）告诉上游新闻记者：“每家银行每个月都有额度，这与还款金额的总量控制政策相关，也是造成还贷排队的原因。”</div><div><br /></div><div>那么，管控政策与排队还贷是什么关系呢？农业银行杨家坪个贷中心工作人员解释：“目前客户排队还贷的时间长，但也不排除后期受政策影响，如果上级（总行）的政策放宽了，压缩排队时间的可能性还是有的。”</div><div><br /></div><div>所谓政策是什么内容？上述工作人员透露，这个政策就是对于客户提前还款的管控政策。“目前，各家银行都有类似管控政策，（所以客户）提前还住房贷都要排队。”</div><div><br /></div><div>对于出台管控政策的原因，上述工作人员说：“这个是总行的政策，我们只是按总行下发的政策执行。”某国有银行人士透露：“我们总行在去年11月升级了系统，开始管控提前还款额度。以前是想还就还，现在是每个月给每个机构一个还款额度，然后预约排队。目前该类业务办理都是‘机控代替人控’的导向，能系统控制绝不人工控制，降低操作风险。”光大银行北城天街支行工作人员说：“因为每个月都有额度限制，所以客户要先在微信公众号上做预申请，看看要排多久的队，然后在（每月）还款日前至少5个工作日到网点填表预约，接着再排队提前还住房贷。”</div><div><br /></div><div>如果客户错过约定的还贷时间咋办？中国银行渝中支行工作人员表示：“我们现在预约排队到4月份了，到时候会发短信通知客户，在手机银行上操作还款就行。如果客户的卡上余额不足，错过还款时间，那么这次机会作废，个人只能重新到柜台填表预约排队。”</div><div><br /></div><div style=""text-align: center;""><p><a href=""//cdnwww.sinovision.net/data/attachment/portal/202302/10/011010jabat9llf3a6ab3b.png"" target=""_blank""><img alt=""记者调查中国多地提前还贷潮：预约像抢票_图1-4"" title=""记者调查中国多地提前还贷潮：预约像抢票"" src=""//cdnwww.sinovision.net/data/attachment/portal/202302/10/011010jabat9llf3a6ab3b.png"" /></a></p></div><div><font color=""#808080"">▲目前平均房贷利率约4.3%。图片来源：央行截屏</font></div><div><br /></div><div><b>分析：</b></div><div><b><br /></b></div><div><b>“银行新增贷款减少，拉长还款周期”</b></div><div><br /></div><div>据媒体报道，最近以来，不少人都在微博、抖音等社交平台上，分享自己提前还房贷的经历。</div><div><br /></div><div>购房时利率高、还款压力大、缺乏投资标的，是年轻人选择提前还贷的关键词。“每一个月房贷3500元，提前还部分房贷后，我一个月房贷降到2800元。”市民刘女士告诉上游新闻记者，她提前还房贷的原因。“每月少还700块钱，就是等银行理财产品到期后去覆盖一部分生活成本，之前购房的贷款利率太高了。”</div><div><br /></div><div>上游新闻记者注意到，早期住房贷款利率往往在6%以上，尽管LPR（贷款市场报价利率）一降再降，但部分存量房贷利率仍然显著高于目前约4.3%的平均房贷利率。段先生分析：“从掌握的数据看，提前还贷的一部分人的贷款都是前两年办理的高利率，有的是5.8%，有的超6%，与现在4.3%的利率相比已经很高了。”</div><div><br /></div><div>上海市民吴先生算了一笔账：2021年购房时，首套房贷利率为5.88%（30年期），利息101万，月供5300元左右。他提前还款，利率基本在4.1%～4.5%区间，最终只还了2年就选择提前还完了，支付利息仅为10万左右，省下了90多万元。</div><div><br /></div><div>对于银行来说，客户按贷款合同履约提前还房贷应该提供便利才是，为何要出台政策管控呢？“我当时也没搞懂，手机上一键还款很轻松，银行为何还让我们排队慢慢还？”虽然1月初已提前还了，但是刘女士心里的疑问一直没得到解答。</div><div><br /></div><div>段先生表示：“可能的原因是各大银行的新增贷款少了，而还款量多了，贷款余额出现负增长，社会融资的按揭贷款在减少。银行就根据情况适时、适度拉长房贷还款周期。”</div><div><br /></div><div>段先生的观点，在广发银行上海某支行工作人员陈瑞处得到印证。他告诉媒体，对于银行来说，提前归还的资金，如果没办法以合适的利率及时贷出去，后续的营收就会下降，会出现利率的再投资风险。对于银行来说，提前还房贷并不划算。因为房贷业务是风险较低、收益稳定的优质长期资产，在经济增长放缓的大环境下，更显珍贵。“提前还贷潮”使得银行贷款增量和增速的考核承压，因此银行才有意提升了还贷的“门槛”。</div><div><br /></div><div>段先生认为，这是银行临时性的适时、管控措施，市民没必要跟风，要根据自身效益最大化情况来做决策。</div><div><br /></div><div><font color=""#808080"">上游新闻记者 冯盛雍 文 部分内容综合自每日经济新闻、北京日报</font></div></td></tr></table>

",www.sinovision.net/finance/202302/00526980.htm
14,张译经纪公司严正声明 称耍大牌轧戏戏霸等纯属造谣,1,"<table cellpadding=""0"" cellspacing=""0"" class=""vwtb""><tr><td id=""article_content"">2月10日晚，演员张译经纪公司@安瑞传媒 发布严正声明，称近期部分网络用户通过互联网平台在毫无事实根据的情况下无端猜测，发布“张译在剧组耍大牌” “张译轧戏，戏霸，擅自改戏删戏”“张译当着孙俪面故意抽烟” 等恶意诋毀、诽谤演员张译的不实言论。要求相关侵权主体立即删除并公开道歉，同时将通过法律手段维权。<div style=""text-align: center;""><p><a href=""//cdnwww.sinovision.net/data/attachment/portal/202302/11/015802addr0dtvhtijezrt.jpg"" target=""_blank""><img alt=""张译经纪公司严正声明 称耍大牌轧戏戏霸等纯属造谣_图1-1"" title=""张译经纪公司严正声明 称耍大牌轧戏戏霸等纯属造谣"" src=""//cdnwww.sinovision.net/data/attachment/portal/202302/11/015802addr0dtvhtijezrt.jpg"" /></a></p></div><div style=""text-align:center; margin-bottom:5px;"" id=""closeAd-1040""><script type=""text/javascript"" id=""closeAd-1038"">&lt;!--// &lt;![CDATA[
    /* [id1040] 娱乐新闻详细页 Admaru */
    OA_show(1040);
// ]]&gt; --&gt;</script><noscript><a target=""_blank"" href=""https://ad.sinovision.net/www/delivery/ck.php?n=c1367dd""><img border=""0"" alt="""" src=""https://ad.sinovision.net/www/delivery/avw.php?zoneid=1040&amp;n=c1367dd"" /></a></noscript></div><div style=""max-width:300px;text-align:center;margin:4px auto; margin-bottom:5px;""><script type=""text/javascript"">&lt;!--// &lt;![CDATA[
    /* [id886] 娱乐详情页文包图广告 */
    OA_show(886);
// ]]&gt; --&gt;</script><noscript><a target=""_blank"" href=""https://ad.sinovision.net/www/delivery/ck.php?n=88ea083""><img border=""0"" alt="""" src=""https://ad.sinovision.net/www/delivery/avw.php?zoneid=886&amp;n=88ea083"" /></a></noscript></div></td></tr></table>

",www.sinovision.net/entertainment/202302/00527028.htm
15,歌手蕾哈娜周日登“超级碗”中场秀 她身价现在值这么多,1,"<table cellpadding=""0"" cellspacing=""0"" class=""vwtb""><tr><td id=""article_content""><div><p><a href=""//cdnwww.sinovision.net/data/attachment/portal/202302/10/174455zr7vrjlyaosr7rlr.jpg"" target=""_blank""><img alt=""歌手蕾哈娜周日登“超级碗”中场秀 她身价现在值这么多_图1-1"" title=""歌手蕾哈娜周日登“超级碗”中场秀 她身价现在值这么多"" src=""//cdnwww.sinovision.net/data/attachment/portal/202302/10/174455zr7vrjlyaosr7rlr.jpg"" /></a></p></div><div><font color=""#808080"">美联社资料图</font></div><div><br /></div><div><br /></div><div>美国中文网报道  本周日，第57届超级碗（Super Bowl LVII）比赛将在亚利桑那州格兰岱尔的州立农业体育馆举行。歌手蕾哈娜 (Rihanna) 将在其“中场秀”环节登台表演，这将是她7年后重返该舞台。有美国媒体对这位白手起家的明星身价进行了盘点，并称她是“世界上为数不多的女亿万富翁之一”。</div><div><br /><div style=""text-align:center; margin-bottom:5px;"" id=""closeAd-1040""><script type=""text/javascript"" id=""closeAd-1038"">&lt;!--// &lt;![CDATA[
    /* [id1040] 娱乐新闻详细页 Admaru */
    OA_show(1040);
// ]]&gt; --&gt;</script><noscript><a target=""_blank"" href=""https://ad.sinovision.net/www/delivery/ck.php?n=c1367dd""><img border=""0"" alt="""" src=""https://ad.sinovision.net/www/delivery/avw.php?zoneid=1040&amp;n=c1367dd"" /></a></noscript></div><div style=""max-width:300px;float:left;margin:5px 15px 5px 0;""><script type=""text/javascript"">&lt;!--// &lt;![CDATA[
    /* [id886] 娱乐详情页文包图广告 */
    OA_show(886);
// ]]&gt; --&gt;</script><noscript><a target=""_blank"" href=""https://ad.sinovision.net/www/delivery/ck.php?n=88ea083""><img border=""0"" alt="""" src=""https://ad.sinovision.net/www/delivery/avw.php?zoneid=886&amp;n=88ea083"" /></a></noscript></div></div><div>据《福布斯》杂志报道，蕾哈娜目前的净资产为14亿元，是当今最富有的音乐家和第二富有的女艺人，仅次于身价25亿元的温弗瑞·奥普拉。</div><div><br /></div><div>蕾哈娜因音乐而出名，但她也深谙音乐之外的生财之道，她的美妆系列显然就为其财富的增加助了一臂之力。</div><div><br /></div><div>2017年，她推出了自己的彩妆系列Fenty Beauty，该品牌因提供多种肤色的粉底而赢得了用户的青睐。以她的真名Robyn Fenty命名的该品牌，与法国奢侈品集团LVMH以50/50的比例合资，后者还拥有Louis Vuitton等主要时尚品牌。《福布斯》指出，Fenty系列在2020年的销售额超过了5.5亿元。</div><div><br /></div><div>此外，蕾哈娜还拥有Savage x Fenty内衣系列30%的股份，该系列在2021年2月的估值达到10亿元。</div><div><br /></div><div>亿万富翁榜单通常都被白人男性大量占据，从白手起家的Amazon创始人杰夫·贝索斯，到继承巨额财富的沃尔玛创始人山姆·沃尔顿之子吉姆·沃尔顿。而像蕾哈娜这样的移民女性能取得如此成功，实属罕见。蕾哈娜来自加勒比岛国巴巴多斯。</div><div><br /></div><div>2021年，她告诉《纽约时报》，希望自己“亿万富翁的新身份”能激励那些和她一样的人，“能对像我一样出身卑微、父母是移民或自己是移民的年轻男女有所激励，我感觉很好”。</div><div><br /></div><div>就此次超级碗的表演，蕾哈娜对CBS News表示，希望自己的中场秀表演“能代表移民、代表黑人女性、代表巴巴多斯”。</div><div><br /></div><div>今年的“超级碗”比赛将在本周日下午开球，在美联（AFC）冠军堪萨斯城酋长队和国联（NFC）冠军费城老鹰队之间进行，由曾主裁过第51届和第55届超级碗的卡尔·切弗斯担任主裁判。</div><div><br /></div><div>在赛前表演部分，将由美国乡村音乐歌手克里斯·特普尔顿演唱国歌。中场秀环节，将由Apple Music作为新赞助商，而在过去的连续10个赛季里，赞助商一直是百事可乐。</div><div><br /></div><div>（编辑：刘坤喆）</div></td></tr></table>

",www.sinovision.net/entertainment/202302/00527012.htm
16,林志颖仍开特斯拉 称车祸未给其造成阴影,1,"<table cellpadding=""0"" cellspacing=""0"" class=""vwtb""><tr><td id=""article_content""><div style=""text-align: center;""><p><a href=""//cdnwww.sinovision.net/data/attachment/portal/202302/06/221716zcc1i1r1v1k9heix.png"" target=""_blank""><img alt=""林志颖仍开特斯拉 称车祸未给其造成阴影_图1-1"" title=""林志颖仍开特斯拉 称车祸未给其造成阴影"" src=""//cdnwww.sinovision.net/data/attachment/portal/202302/06/221716zcc1i1r1v1k9heix.png"" /></a></p></div><div><br /></div><div>据最新报道，林志颖在此前驾驶特斯拉Model X车祸后，已经恢复的差不多了，甚至开始驾车外出。</div><div><br /></div><div>不过，日前他驾车出门却违规停车被罚款，因为林志颖将车辆停在货车停车位内。值得注意的是，有网友注意到了车辆的细节，发现林志颖似乎不开特斯拉了，此次被罚的车辆是宝马i3。<div style=""text-align:center; margin-bottom:5px;"" id=""closeAd-1040""><script type=""text/javascript"" id=""closeAd-1038"">&lt;!--// &lt;![CDATA[
    /* [id1040] 娱乐新闻详细页 Admaru */
    OA_show(1040);
// ]]&gt; --&gt;</script><noscript><a target=""_blank"" href=""https://ad.sinovision.net/www/delivery/ck.php?n=c1367dd""><img border=""0"" alt="""" src=""https://ad.sinovision.net/www/delivery/avw.php?zoneid=1040&amp;n=c1367dd"" /></a></noscript></div><div style=""max-width:300px;float:left;margin:5px 15px 5px 0;""><script type=""text/javascript"">&lt;!--// &lt;![CDATA[
    /* [id886] 娱乐详情页文包图广告 */
    OA_show(886);
// ]]&gt; --&gt;</script><noscript><a target=""_blank"" href=""https://ad.sinovision.net/www/delivery/ck.php?n=88ea083""><img border=""0"" alt="""" src=""https://ad.sinovision.net/www/delivery/avw.php?zoneid=886&amp;n=88ea083"" /></a></noscript></div></div><div><br /></div><div>对此，也有媒体问到了他本人对特斯拉是否有新的看法。林志颖大方回应称，自己仍然在开一辆黑色的特斯拉，没有任何阴影，如果有阴影早卖了。</div><div><br /></div><div>据悉，林志颖本人一直都是特斯拉的资深粉丝，最近几年甚至多次在公开场合对特斯拉赞誉有加。</div><div><br /></div><div>在车祸前他还曾发文表示，“很多人说开了电动车就回不去了，尤其是习惯了AP自动驾驶之后，结果这是真的，又重新点燃开车的乐趣。”林志颖曾介绍，自己刚开始开Model 3时，只是拿来代步。后来因为这车的底盘低、重心在脚下，开起来像卡丁车，上赛道过弯时很顺，速度根本不输几百万的超跑，因此成为林志颖的心头好，他也把特斯拉拿来当赛车开。</div><div><br /></div><div>据报道，林志颖把车违停在货车停车格内，随后进入一旁的咖啡厅内用餐，与友人相谈甚欢。交警巡查发现，林志颖将电动车停在货车停车位内，将处罚600台币到1200台币，大约136元到272元人民币。据悉，这也是林志颖自2022年7月22日发生车祸以来，首次公开出现在媒体镜头前。</div></td></tr></table>

",www.sinovision.net/entertainment/202302/00526823.htm
17,《狂飙》剧组辟谣网传张译不实信息,1,"<table cellpadding=""0"" cellspacing=""0"" class=""vwtb""><tr><td id=""article_content""><div style=""text-align: center;""><p><a href=""//cdnwww.sinovision.net/data/attachment/portal/202302/04/054439c24e4zzoa5kev20p.jpg"" target=""_blank""><img alt=""《狂飙》剧组辟谣网传张译不实信息_图1-1"" title=""《狂飙》剧组辟谣网传张译不实信息"" src=""//cdnwww.sinovision.net/data/attachment/portal/202302/04/054439c24e4zzoa5kev20p.jpg"" /></a></p></div><div>热播剧《狂飙》终于大结局！这部剧从开播以来就热度不断，在春节寒假的电视剧市场里可以说是横扫一片。</div><div><br /><div style=""text-align:center; margin-bottom:5px;"" id=""closeAd-1040""><script type=""text/javascript"" id=""closeAd-1038"">&lt;!--// &lt;![CDATA[
    /* [id1040] 娱乐新闻详细页 Admaru */
    OA_show(1040);
// ]]&gt; --&gt;</script><noscript><a target=""_blank"" href=""https://ad.sinovision.net/www/delivery/ck.php?n=c1367dd""><img border=""0"" alt="""" src=""https://ad.sinovision.net/www/delivery/avw.php?zoneid=1040&amp;n=c1367dd"" /></a></noscript></div><div style=""max-width:300px;float:left;margin:5px 15px 5px 0;""><script type=""text/javascript"">&lt;!--// &lt;![CDATA[
    /* [id886] 娱乐详情页文包图广告 */
    OA_show(886);
// ]]&gt; --&gt;</script><noscript><a target=""_blank"" href=""https://ad.sinovision.net/www/delivery/ck.php?n=88ea083""><img border=""0"" alt="""" src=""https://ad.sinovision.net/www/delivery/avw.php?zoneid=886&amp;n=88ea083"" /></a></noscript></div></div><div>不过，这两天有网友发帖称，自该剧开播以来，身为男主的张译竟然连这部剧都没有宣传过。</div><div><br /></div><div>2月3日，@狂飙官微 发布“严正声明”称，部分网络用户持续发布关于《狂飙》剧组及“安欣”扮演者张译的不实信息，该等内容纯属造谣，已引发网友对演员和剧方的恶意评价。</div><div><br /></div><div>声明要求立即停止对不实信息的发布、传播，已发布的相关信息即刻删除，停止侵权行为。同时，剧方已告知相关侵权人员，完成对相关侵权行为的证据保全，并保留通过法律途径追究责任的权利。</div></td></tr></table>

",www.sinovision.net/entertainment/202302/00526744.htm
18,中国央视元宵晚会节目亮点公布 周深魏晨等现身彩排,1,"<table cellpadding=""0"" cellspacing=""0"" class=""vwtb""><tr><td id=""article_content""><div>花灿灯彩闹元宵。3日，中央广播电视总台《2023年元宵晚会》举行发布会，介绍了晚会多项技术创新和节目创作亮点。</div><div><br /></div><div>据介绍，元宵晚会以“花灯耀四海”为主线，北京灯彩、秦淮灯彩、硖石灯彩、潮州花灯等一系列入选国家级非物质文化遗产名录的中国传统民俗工艺将在晚会中惊喜亮相，与东西南北中多地灯会的实景拍摄相呼应，展现元宵佳节美丽中国的喜庆色彩。<div style=""text-align:center; margin-bottom:5px;"" id=""closeAd-1040""><script type=""text/javascript"" id=""closeAd-1038"">&lt;!--// &lt;![CDATA[
    /* [id1040] 娱乐新闻详细页 Admaru */
    OA_show(1040);
// ]]&gt; --&gt;</script><noscript><a target=""_blank"" href=""https://ad.sinovision.net/www/delivery/ck.php?n=c1367dd""><img border=""0"" alt="""" src=""https://ad.sinovision.net/www/delivery/avw.php?zoneid=1040&amp;n=c1367dd"" /></a></noscript></div><div style=""max-width:300px;float:left;margin:5px 15px 5px 0;""><script type=""text/javascript"">&lt;!--// &lt;![CDATA[
    /* [id886] 娱乐详情页文包图广告 */
    OA_show(886);
// ]]&gt; --&gt;</script><noscript><a target=""_blank"" href=""https://ad.sinovision.net/www/delivery/ck.php?n=88ea083""><img border=""0"" alt="""" src=""https://ad.sinovision.net/www/delivery/avw.php?zoneid=886&amp;n=88ea083"" /></a></noscript></div></div><div><br /></div><div style=""text-align: center;""><p><a href=""//cdnwww.sinovision.net/data/attachment/portal/202302/03/034556suuuaolihflll7si.png"" target=""_blank""><img alt=""中国央视元宵晚会节目亮点公布 周深魏晨等现身彩排_图1-3"" title=""中国央视元宵晚会节目亮点公布 周深魏晨等现身彩排"" src=""//cdnwww.sinovision.net/data/attachment/portal/202302/03/034556suuuaolihflll7si.png"" /></a></p></div><div>晚会开场歌曲邀请今年春晚微电影《我和我的春晚》中感动了亿万观众的张建国扮演者金长勇，与现场演员共同合唱，在欢腾热烈的歌声中共迎癸卯兔年的第一个月圆之夜。由众多演奏家创新打造新国乐曲目《百凤朝阳》，奏出中华民族昂扬向上的精气神。全新演绎的《新花好月圆夜》，将河北竹板书和苏州评弹两种曲艺形式进行融合创作，表达出圆满和美的寓意。由中国人民解放军仪仗司礼大队奏唱的歌曲《强军有我》，以豪迈的激情、磅礴的气势，展现了中国军人的血性和担当，唱出了“请党放心，强军有我”的铿锵誓言……</div><div><br /></div><div>2月5日20点档，中央广播电视总台《2023年元宵晚会》将在央视综合频道、综艺频道、中文国际频道、音乐频道等电视频道，音乐之声、经典音乐广播、文艺之声、大湾区之声、台海之声、华语环球广播、南海之声等广播频率，央视频、云听、央视网、央广网、国际在线等新媒体平台同步播出。</div><div style=""text-align: center;""><p><a href=""//cdnwww.sinovision.net/data/attachment/portal/202302/03/034613jly9gjrbogg9ogjc.png"" target=""_blank""><img alt=""中国央视元宵晚会节目亮点公布 周深魏晨等现身彩排_图1-4"" title=""中国央视元宵晚会节目亮点公布 周深魏晨等现身彩排"" src=""//cdnwww.sinovision.net/data/attachment/portal/202302/03/034613jly9gjrbogg9ogjc.png"" /></a></p></div><div>另据新浪综艺、搜狐娱乐，在昨日的彩排中，出现了希林娜依·高、汪苏泷、周深、魏晨、毛不易、张远、郭俊辰等人的身影。</div><div><br /></div></td></tr></table>

",www.sinovision.net/entertainment/202302/00526694.htm
19,《狂飙》主演张颂文仅关联一家影视公司,1,"<table cellpadding=""0"" cellspacing=""0"" class=""vwtb""><tr><td id=""article_content""><div>近期，反黑刑侦剧《狂飙》大火，剧中人物及热梗多次登上热搜，该剧主演之一张颂文也受到关注。据悉，张颂文关联公司为厦门市思明区张颂文影视文化工作室，成立于2019年8月，企业类型为个人独资企业，投资人为张颂文，出资额50万元，经营范围包括文化、艺术活动策划；文艺创作与表演；电影和影视节目制作；演出经纪业务等。<div style=""text-align:center; margin-bottom:5px;"" id=""closeAd-1040""><script type=""text/javascript"" id=""closeAd-1038"">&lt;!--// &lt;![CDATA[
    /* [id1040] 娱乐新闻详细页 Admaru */
    OA_show(1040);
// ]]&gt; --&gt;</script><noscript><a target=""_blank"" href=""https://ad.sinovision.net/www/delivery/ck.php?n=c1367dd""><img border=""0"" alt="""" src=""https://ad.sinovision.net/www/delivery/avw.php?zoneid=1040&amp;n=c1367dd"" /></a></noscript></div><div style=""max-width:300px;float:left;margin:5px 15px 5px 0;""><script type=""text/javascript"">&lt;!--// &lt;![CDATA[
    /* [id886] 娱乐详情页文包图广告 */
    OA_show(886);
// ]]&gt; --&gt;</script><noscript><a target=""_blank"" href=""https://ad.sinovision.net/www/delivery/ck.php?n=88ea083""><img border=""0"" alt="""" src=""https://ad.sinovision.net/www/delivery/avw.php?zoneid=886&amp;n=88ea083"" /></a></noscript></div></div><div><br /></div><div>早前张颂文受访时曾表示，中国只有0.5%的演员能做到衣食无忧，剩下99.5%的演员都收入极低，工作18个小时收入极低且廉价，还被不停的压榨，依旧无人关注，大家只关注那0.5%的人。</div><div><br /></div><div style=""text-align: center;""><p><a href=""//cdnwww.sinovision.net/data/attachment/portal/202302/02/222614evvz8eee9r3c9ovd.png"" target=""_blank""><img alt=""《狂飙》主演张颂文仅关联一家影视公司_图1-3"" title=""《狂飙》主演张颂文仅关联一家影视公司"" src=""//cdnwww.sinovision.net/data/attachment/portal/202302/02/222614evvz8eee9r3c9ovd.png"" /></a></p><p><a href=""//cdnwww.sinovision.net/data/attachment/portal/202302/02/222621cea4rbd4nez3iiak.png"" target=""_blank""><img alt=""《狂飙》主演张颂文仅关联一家影视公司_图1-4"" title=""《狂飙》主演张颂文仅关联一家影视公司"" src=""//cdnwww.sinovision.net/data/attachment/portal/202302/02/222621cea4rbd4nez3iiak.png"" /></a></p></div><div><br /></div></td></tr></table>

",www.sinovision.net/entertainment/202302/00526683.htm
20,《狂飙》迎大结局 75万人将《孙子兵法》加入书架,1,"<table cellpadding=""0"" cellspacing=""0"" class=""vwtb""><tr><td id=""article_content""><div>刚刚，2023年首部爆款剧集《狂飙》在爱奇艺迎来大结局，剧中，高启强终于认罪伏法，被依法判处死刑，极目新闻记者留意到，法庭上列出的高启强罪行多达11项，包括组织、领导黑社会性质组织罪、故意杀人罪、故意伤害罪、绑架罪、放火罪、寻衅滋事罪、非法经营罪、强迫交易罪、组织卖淫罪、开设赌场罪、行贿罪等。而结尾处高启强与满头白发的安欣隔着铁窗，安欣面对高启强的假设说出那句“哪有那么多如果”的场景，让许多观众唏嘘。</div><div><br /><div style=""text-align:center; margin-bottom:5px;"" id=""closeAd-1040""><script type=""text/javascript"" id=""closeAd-1038"">&lt;!--// &lt;![CDATA[
    /* [id1040] 娱乐新闻详细页 Admaru */
    OA_show(1040);
// ]]&gt; --&gt;</script><noscript><a target=""_blank"" href=""https://ad.sinovision.net/www/delivery/ck.php?n=c1367dd""><img border=""0"" alt="""" src=""https://ad.sinovision.net/www/delivery/avw.php?zoneid=1040&amp;n=c1367dd"" /></a></noscript></div><div style=""max-width:300px;float:left;margin:5px 15px 5px 0;""><script type=""text/javascript"">&lt;!--// &lt;![CDATA[
    /* [id886] 娱乐详情页文包图广告 */
    OA_show(886);
// ]]&gt; --&gt;</script><noscript><a target=""_blank"" href=""https://ad.sinovision.net/www/delivery/ck.php?n=88ea083""><img border=""0"" alt="""" src=""https://ad.sinovision.net/www/delivery/avw.php?zoneid=886&amp;n=88ea083"" /></a></noscript></div></div><div><b>主演阵容实现全员“脸熟”</b></div><div><b><br /></b></div><div><b>75.2万人将《孙子兵法》加入书架</b></div><div><br /></div><div>这个春节，《狂飙》无疑成为剧集市场的最大赢家。极目新闻记者观察到，在酷云、云合等多个数据监测平台，《狂飙》以超过半数的市占率一马当先，远远甩开了同期在播剧集。</div><div><br /></div><div>在爱奇艺，《狂飙》以11000的热度刷新了爱奇艺历史热度纪录，一举超越了此前《赘婿》《人世间》《苍兰诀》保持的成绩。</div><div><br /></div><div>剧集爆红，让主演阵容更是在观众中实现全员“脸熟”。</div><div><br /></div><div>极目新闻观察到，除张译、张颂文收获大量讨论热度，高叶（饰 陈书婷）、李健（饰 李响）、贾冰（饰 徐江）令人惊喜外，就连“反派集团”的苏小玎（饰 高启盛）、林家川（饰 唐小龙）、阿如那（饰 李宏伟）、孙岩（饰 唐小虎）、冯冰（饰 老默）都收获关注度，一场直播让“狂飙反派云道歉”冲上热搜……</div><div><br /></div><div>从大众体感热度上来看，“春节返程高铁清一色狂飙”的热搜词条、仅仅只是因为同名便挂了几天热搜的“强盛集团孙红雷”等，都成为该剧爆火的佐证。</div><div><br /></div><div style=""text-align: center;""><p><a href=""//cdnwww.sinovision.net/data/attachment/portal/202302/01/073952n2502f6k191y0l2l.png"" target=""_blank""><img alt=""《狂飙》迎大结局 75万人将《孙子兵法》加入书架_图1-3"" title=""《狂飙》迎大结局 75万人将《孙子兵法》加入书架"" src=""//cdnwww.sinovision.net/data/attachment/portal/202302/01/073952n2502f6k191y0l2l.png"" /></a></p></div><div>剧集甚至还带火高启强的“枕边书”《孙子兵法》。在QQ阅读平台，累计有超过75.2万人将各版本《孙子兵法》加入书架，QQ阅读推出的“高启强同款书单”——《孙子兵法》《红楼梦》阅读量上涨12%。</div><div><br /></div><div><b>人物投射出人性的复杂</b></div><div><b><br /></b></div><div><b>“命题作文”做出了尺度突破</b></div><div><br /></div><div>《狂飙》爆火，一方面得益于该剧塑造了一个有血有肉的反派人物——张颂文饰演的高启强。</div><div><br /></div><div>接受极目新闻记者采访时，多位受访观众不约而同提到，这部剧最好的部分就是写出了“并非完全对立的好或坏，有了更多的现实性”。</div><div><br /></div><div>人物不是“非黑即白”，这一成功之处当然首推高启强的人物塑造：他是称霸一方无恶不作的黑社会老大，但他从一个老实本分的鱼贩成长为“大boss”的经历，以及他总是被裹挟在亲情之中的人设、与安欣的多次交手，都是《狂飙》热度的来源。</div><div><br /></div><div>复杂的人性，并非只体现在对于反派人物的刻画。《狂飙》里最终让人“意难平”的刑警队队长李响，就是基于人性的软弱不得不游走在黑白之间，最终守住信念又实现生命高光，由此让不少受访对象念念不忘。</div><div><br /></div><div>另一方面，《狂飙》的爆火也源于创作者在“命题作文”的框架内，作出了“尺度”上的有力突破。</div><div><br /></div><div>突破一部分源自对反面人物的刻画，另一方面则是在“扫黑除恶”主题下，正视了现实世界中同样存在的“保护伞”问题，从龚开疆到赵立冬，从曹闯、李响到张彪，“高启强”们为什么可以为所欲为？《狂飙》撕开了一角。</div><div><br /></div><div><b>最新豆瓣评分跌回9.0</b></div><div><b><br /></b></div><div><b>不少观众仍认为口碑“过誉”</b></div><div><br /></div><div>不过，因为后期剧情上的删减和台词的变动，《狂飙》的豆瓣评分已从最高的9.1分跌回了9.0。而在采访中，不少观众也提到，目前《狂飙》的豆瓣分数有点类似去年暑期的《梦华录》，“这部剧精彩肯定是精彩的，但如果及格分是6分，那9分还是虚高了。”</div><div><br /></div><div>被评得分“虚高”，当然也是因为观众对于《狂飙》部分剧情的设置“有想法”。</div><div><br /></div><div>接受采访时，全程追剧的“Young”提到，《狂飙》的故事在逻辑上有明显的硬伤，尤其是高启强的大佬成长之路，“更像是一部主角无所不能的爽剧”。</div><div><br /></div><div>同时她重点批评了主角安欣的人设，“不仅人物没有成长，更缺乏最基本的贴近现实生活的感觉，说严重点就是‘悬浮’。”她甚至提到，从不少剧情的设置上，“安欣更像是一个偶像剧傻白甜女主角的性转（注：网络用语，性别转换）版本。”</div><div><br /></div><div>除却以上，《狂飙》引发的热度也让播出平台爱奇艺更受关注。</div><div style=""text-align: center;""><p><a href=""//cdnwww.sinovision.net/data/attachment/portal/202302/01/073956et4p9pem8hje4cmm.png"" target=""_blank""><img alt=""《狂飙》迎大结局 75万人将《孙子兵法》加入书架_图1-4"" title=""《狂飙》迎大结局 75万人将《孙子兵法》加入书架"" src=""//cdnwww.sinovision.net/data/attachment/portal/202302/01/073956et4p9pem8hje4cmm.png"" /></a></p></div><div>1日，因为限制投屏，爱奇艺被广东一用户告上法庭的消息登陆热搜。目前，爱奇艺将黄金VIP会员的投屏清晰度限制在了480P，而这一做法在该用户看来，是“单方面变更合同条款，构成违约”。</div><div><br /></div></td></tr></table>

",www.sinovision.net/entertainment/202302/00526599.htm
21,胡歌官宣结婚得女,1,"<table cellpadding=""0"" cellspacing=""0"" class=""vwtb""><tr><td id=""article_content""><div style=""text-align: center;""><p><a href=""//cdnwww.sinovision.net/data/attachment/portal/202301/31/014506pp0j09f9p7otip2n.png"" target=""_blank""><img alt=""胡歌官宣结婚得女_图1-1"" title=""胡歌官宣结婚得女"" src=""//cdnwww.sinovision.net/data/attachment/portal/202301/31/014506pp0j09f9p7otip2n.png"" /></a></p></div><div><br /></div><div>我当爸爸啦</div><div><br /></div><div>母女平安</div><div><br /></div><div>向大家报喜</div><div><br /></div><div>入行整二十年</div><div><br /></div><div>感谢大家陪伴我一起成长</div><div><br /></div><div>此刻 我将和你们共同迈向人生的下一个阶段</div><div><br /></div><div>希望大家能够给予我更多的支持和理解</div><div><br /></div><div>过去的一年诸多不易</div><div><br /></div><div>老婆不是公众人物 为了让孩子顺利诞生 喜讯隐而未宣 望大家多多包涵</div><div><br /></div><div>新年送上一份惊喜 祝大家兔年平安健康 万事如意</div><div style=""text-align:center; margin-bottom:5px;"" id=""closeAd-1040""><script type=""text/javascript"" id=""closeAd-1038"">&lt;!--// &lt;![CDATA[
    /* [id1040] 娱乐新闻详细页 Admaru */
    OA_show(1040);
// ]]&gt; --&gt;</script><noscript><a target=""_blank"" href=""https://ad.sinovision.net/www/delivery/ck.php?n=c1367dd""><img border=""0"" alt="""" src=""https://ad.sinovision.net/www/delivery/avw.php?zoneid=1040&amp;n=c1367dd"" /></a></noscript></div><div style=""max-width:300px;text-align:center;margin:4px auto; margin-bottom:5px;""><script type=""text/javascript"">&lt;!--// &lt;![CDATA[
    /* [id886] 娱乐详情页文包图广告 */
    OA_show(886);
// ]]&gt; --&gt;</script><noscript><a target=""_blank"" href=""https://ad.sinovision.net/www/delivery/ck.php?n=88ea083""><img border=""0"" alt="""" src=""https://ad.sinovision.net/www/delivery/avw.php?zoneid=886&amp;n=88ea083"" /></a></noscript></div></td></tr></table>

",www.sinovision.net/entertainment/202301/00526538.htm
22,宋仲基发文宣布再婚 外籍妻子已有身孕,1,"<table cellpadding=""0"" cellspacing=""0"" class=""vwtb""><tr><td id=""article_content""><div style=""text-align: center;""><p><a href=""//cdnwww.sinovision.net/data/attachment/portal/202301/30/024420hwkwggmygnw7ywn5.png"" target=""_blank""><img alt=""宋仲基发文宣布再婚 外籍妻子已有身孕_图1-1"" title=""宋仲基发文宣布再婚 外籍妻子已有身孕"" src=""//cdnwww.sinovision.net/data/attachment/portal/202301/30/024420hwkwggmygnw7ywn5.png"" /></a></p></div><div><font color=""#808080"">宋仲基与妻子</font></div><div><br /></div><div>1月30日宋仲基通过官网发布信函宣布再婚，并透露新婚妻子已怀孕。宋仲基所属公司回应结婚一事：“宋仲基和Katy Louis Sounders将举行婚礼，但时间还未定。”</div><div><br /><div style=""text-align:center; margin-bottom:5px;"" id=""closeAd-1040""><script type=""text/javascript"" id=""closeAd-1038"">&lt;!--// &lt;![CDATA[
    /* [id1040] 娱乐新闻详细页 Admaru */
    OA_show(1040);
// ]]&gt; --&gt;</script><noscript><a target=""_blank"" href=""https://ad.sinovision.net/www/delivery/ck.php?n=c1367dd""><img border=""0"" alt="""" src=""https://ad.sinovision.net/www/delivery/avw.php?zoneid=1040&amp;n=c1367dd"" /></a></noscript></div><div style=""max-width:300px;float:left;margin:5px 15px 5px 0;""><script type=""text/javascript"">&lt;!--// &lt;![CDATA[
    /* [id886] 娱乐详情页文包图广告 */
    OA_show(886);
// ]]&gt; --&gt;</script><noscript><a target=""_blank"" href=""https://ad.sinovision.net/www/delivery/ck.php?n=88ea083""><img border=""0"" alt="""" src=""https://ad.sinovision.net/www/delivery/avw.php?zoneid=886&amp;n=88ea083"" /></a></noscript></div></div><div>早前，有韩国媒体报道称宋仲基正在与一名英国女性热恋中，还表示宋仲基还带着女友参加一些聚会，并未隐藏自己的恋爱。随后，宋仲基所属社宣布：“宋仲基正在与一位英国女性恋爱中，对方是素人。</div><div><br /></div><div>Katy Louis Sounders1984年出生，毕业于意大利米兰的博科尼大学，曾是一名演员，现在是一名私人英语老师。此前，Katy被曝已有两个女儿，大女儿已经10岁。</div><div><br /></div><div>2017年7月5日，宋仲基公开与宋慧乔的恋情。同年10月31日，宋仲基与宋慧乔举行婚礼。2019年6月26日，宋仲基向宋慧乔提出协议离婚；6月27日，宋仲基和宋慧乔进行离婚调解；7月22日，宋仲基宋慧乔正式离婚。</div><div><br /></div><div><b>宋仲基全文：</b></div><div><br /></div><div>你好。我是仲基。今天， 我想和大家分享我生命中最珍贵最幸福的承诺。我发誓要和Katy Louise Saunders共度余生，她一直在我身边，支持我，照顾我，陪我度过宝贵的时光。 她有一颗善良的心，热情地过着自己的生活。他是一个值得尊敬的聪明而了不起的人。 感谢她，我正在成为一个更好的人。 自然而然地，我们一起梦想着创造一个幸福的家庭。我们付出了很多努力来兑现对彼此的承诺，值得庆幸的是，我们两个人走到了一起。 今天，我们即将登记结婚，开始我们基于深厚信任和爱的夫妻生活。 就像现在，在以后的日子里，我们两个人，会朝着同一个方向，一起美丽的走下去。 我们衷心感谢所有始终如一地珍惜我们的粉丝们。 特别是基尔人民的支持和祝福，是我演员生涯中最大的力量，今后我将作为个人和演员，带着更大的责任和热情的翅膀，飞得更高。我希望 每个人都健康快乐，直到我们能见面并亲自问候的那一天 。</div><div><br /></div><div style=""text-align: center;""><p><a href=""//cdnwww.sinovision.net/data/attachment/portal/202301/30/024420l7dld5vbp7ycv7vb.jpeg"" target=""_blank""><img alt=""宋仲基发文宣布再婚 外籍妻子已有身孕_图1-4"" title=""宋仲基发文宣布再婚 外籍妻子已有身孕"" src=""//cdnwww.sinovision.net/data/attachment/portal/202301/30/024420l7dld5vbp7ycv7vb.jpeg"" /></a></p></div></td></tr></table>

",www.sinovision.net/entertainment/202301/00526497.htm
23,中国春节档电影总票房超￥67亿 《满江红》登顶,1,"<table cellpadding=""0"" cellspacing=""0"" class=""vwtb""><tr><td id=""article_content""><div>2023年中国电影市场春节档正式收官，据灯塔专业版数据，总票房达到67.34亿元，位列中国影史春节档总票房第二，超2022年春节档总票房60.39亿元。</div><div><br /></div><div>今年两部电影突破20亿大关。《满江红》不负众望，凭借喜剧元素和家国情怀，以25.96亿票房成为档期内票房冠军，另一部科幻续作《流浪地球2》则成为今年最高口碑大电影。</div><div><br /></div><div>据灯塔专业版实时数据，今年春节档总观影人次达1.29亿，较2022年春节档多1千万人次。江苏省连续第3年夺得春节档省份票房冠军，上海市、北京市、成都市排在2023年春节档城市票房前三名。受“历史最长”春节档影响，今年排片场次较2022年有所下降，而场均人次达48.6人，较2022年春节档的36.2人，每场提升了12人次以上。春节档平均票价为52.3元，较2022年的52.8元略有下降，也是自2016年以来7年平均票价的首次下降。<div style=""text-align:center; margin-bottom:5px;"" id=""closeAd-1040""><script type=""text/javascript"" id=""closeAd-1038"">&lt;!--// &lt;![CDATA[
    /* [id1040] 娱乐新闻详细页 Admaru */
    OA_show(1040);
// ]]&gt; --&gt;</script><noscript><a target=""_blank"" href=""https://ad.sinovision.net/www/delivery/ck.php?n=c1367dd""><img border=""0"" alt="""" src=""https://ad.sinovision.net/www/delivery/avw.php?zoneid=1040&amp;n=c1367dd"" /></a></noscript></div><div style=""max-width:300px;float:left;margin:5px 15px 5px 0;""><script type=""text/javascript"">&lt;!--// &lt;![CDATA[
    /* [id886] 娱乐详情页文包图广告 */
    OA_show(886);
// ]]&gt; --&gt;</script><noscript><a target=""_blank"" href=""https://ad.sinovision.net/www/delivery/ck.php?n=88ea083""><img border=""0"" alt="""" src=""https://ad.sinovision.net/www/delivery/avw.php?zoneid=886&amp;n=88ea083"" /></a></noscript></div></div><div><br /></div><div style=""text-align: center;""><p><a href=""//cdnwww.sinovision.net/data/attachment/portal/202301/27/214809xa6e96j3fz16bu1d.jpg"" target=""_blank""><img alt=""中国春节档电影总票房超￥67亿 《满江红》登顶_图1-3"" title=""中国春节档电影总票房超￥67亿 《满江红》登顶"" src=""//cdnwww.sinovision.net/data/attachment/portal/202301/27/214809xa6e96j3fz16bu1d.jpg"" /></a></p></div><div style=""text-align: center;""><font color=""#808080"">截至1月27日21时30分，2023年春节档累计票房破67.34亿元。 灯塔专业版</font></div><div style=""text-align: center;""><br /></div><div><b>屡破纪录，电影市场摆脱疫情影响回到正轨</b></div><div><br /></div><div>今年春节档类型繁多，题材多元，包括喜剧、悬疑、科幻、谍战、家庭、动画等不同类型电影，满足了不同偏好的观影群体需求。春节档平均片长增加到130分钟，创下“历史最长”春节档，较去年增加了21分钟。排片场次也受此影响较往年有所减少，但平均票价不增反降，这让今年春节档实现了“加量不加价”。</div><div><br /></div><div>值得一提的是，今年春节档有多部电影打破中国影史纪录。其中，《满江红》打破《长津湖之水门桥》的纪录，成为中国影史春节档档期票房最高的剧情片。《流浪地球2》超越前作《流浪地球》创下中国影史国产科幻片、冒险片首映日和单日票房纪录等28项影史纪录。《熊出没·伴我“熊芯”》也实现对同系列的《熊出没·重返地球》的超越，打破中国影史春节档动画片档期票房、首映日票房、单日票房等纪录。《无名》成为近三年春节档档期动作片票房No.2。《深海》成为影史春节动画片档期场次冠军。《交换人生》则打破了中国影史家庭片首映日票房纪录等12项影史纪录。 </div><div><br /></div><div style=""text-align: center;""><p><a href=""//cdnwww.sinovision.net/data/attachment/portal/202301/27/214808bbqb6jvi67os6a2g.jpg"" target=""_blank""><img alt=""中国春节档电影总票房超￥67亿 《满江红》登顶_图1-4"" title=""中国春节档电影总票房超￥67亿 《满江红》登顶"" src=""//cdnwww.sinovision.net/data/attachment/portal/202301/27/214808bbqb6jvi67os6a2g.jpg"" /></a></p></div><div style=""text-align: center;""><font color=""#808080"">本届春节档，多部电影打破中国影史纪录。</font></div><div style=""text-align: center;""><br /></div><div>灯塔专业版数据分析师陈晋介绍，今年春节档在整体上呈现“二超多强”的格局，《满江红》《流浪地球2》以25.96亿、21.55亿断层式领跑春节档，合计贡献了春节档六成以上的票房，此外《熊出没·伴我“熊芯”》收获7.47亿票房同样表现亮眼，这也是《熊出没》系列进入春节档以来第一次进入档期票房前三名，亲子群体的快速回归一定程度上也更表明疫情的影响已经很小，兔年的中国电影市场也将正式摆脱三年疫情的影响回到正轨。</div><div><br /></div><div><b>口碑超强，多部影片实现票房逆跌</b></div><div><br /></div><div>2023年春节档票房的良好表现，一方面是营业影院恢复较快，以大年初一为例，2023年大年初一有票房收入的影院达11544家，影院数已经恢复到2022年大年初一的98%；另一方面，优质内容的供给，成为观众回归影院的内在核心驱动力。六部影片无论票房高低都各有特点，均不同程度地得到了目标观众的喜爱，目前各主流观影平台数据显示，春节档新片的淘票票、猫眼平均评分9.3分，豆瓣平均评分7.3分，皆为历年春节档平均分最高。</div><div><br /></div><div>值得一提的是《满江红》《熊出没·伴我“熊芯”》《无名》《深海》这四部影片均出现了单日票房逆跌的亮眼表现，坚挺的票房走势，也更能表现今年春节档影片“百花齐放、佳片频频”，“期待兔年还会有更多的佳作出现，带领电影市场快速回暖，繁荣发展。”陈晋说。</div><div><br /></div><div>自上映以来，围绕今年春节档影片的分析和讨论持续火热。科幻巨制《流浪地球2》一经上映便收获了极高热度。在各大社交平台，除了有对片中人物情节、特效水准的点评，观众们还基于影片引入的全新科幻概念和海量科学知识，在天文学、军事学、天体物理学、网络科学、密码学、人工智能、赛博空间等众多学科领域掀起一波讨论热潮。</div><div><br /></div><div>“只有我们的科技发展到这样的水平了，我们的科幻电影才可以成立”，导演郭帆在接受采访时表示，近年来中国科技发展取得的巨大进步为中国科幻片提供了能够成立的土壤。科幻中的想象则又能够启发人类科技的创新进步。2020年，“科幻十条”的发布进一步助推中国科幻电影事业的发展，相信在《流浪地球2》后会有更多优秀的国产科幻电影与观众见面。</div><div><br /></div><div><b>讨论热烈，“自来水”为影片争论不休</b></div><div><br /></div><div>今年春节档影片阵容超强，即便“众口难调”，也完全没有真正意义上的“烂片”。电影院的百花齐放，电影的过硬品质，也让今年春节档影片的讨论度空前。“自来水”是许多观众在春节投入心力感情担负起的“新角色”。</div><div><br /></div><div>两部头部影片《满江红》《流浪地球2》自上映首日便领跑整个春节档，在各大平台引发了影迷激烈的争论。在档期前期，二者票房与口碑相差无几，票房冠军的争夺难见分晓。1月24日，《满江红》超越《流浪地球2》并逐渐坐稳冠军宝座，但对于两部影片的比较和争论仍在观众群体中持续发酵。</div><div><br /></div><div>今年春节档影片普遍的极高话题度反映出档期内新片整体呈现出较高的品质，尤其是头部影片难分伯仲。尽管两部电影都已经在春节档取得不错的成绩，收获大批的观众口碑，其中不乏非常热衷于某部影片的“自来水”，对影片的票房有更高的期待。包括《深海》《无名》的粉丝也加入到为影片摇旗呐喊的队伍中。从今年春节档中可以看到，大众对国产影片的关注度、讨论度都有所上升，观影热情日益高涨。</div><div><br /></div><div>今年春节档佳片频现，争奇斗艳，难免会令一些影片稍显吃亏。事实上，在春节假期大众更倾向于享受轻松愉快的观影体验，具有合家欢属性的电影往往更适合春节档。而对于关注少数边缘群体内心世界的《深海》，运用碎片化叙事手法呈现谍战题材的《无名》而言，尽管影片质量尚佳，但气质上并不契合春节档喜庆的氛围，在排片时间段和影厅的分配上也较为不利。</div><div><br /></div><div>电影《深海》在制作上运用3D粒子水墨技术打造出一个西方油彩和国风水墨质感交融的绚烂斑斓的梦幻世界。遗憾的是，纵使《深海》具备惊艳的视觉特效，但在春节档的激烈竞争中也较难获得配有CINITY、IMAX等适合的放映设备的影厅排片。而在春节档之后，一些影院也表示在排片策略上会做出相应调整，观众也将有机会在更合适的影厅和时间段与《深海》等影片邂逅，感受光影的魅力。 </div><div><br /></div><div>整个档期太“卷”，有片子“硬扛”，也有影片选择了“择日再战”。一个属于今年春节档的小插曲是，体育传记片《中国乒乓之绝地反击》于大年初三（1月24日）上映，但在激烈竞逐中陷入被动的局面，首映日仅取得2925万票房，在春节档7部新片的当日票房排名中位列第七。1月25日，片方在官微宣布撤档，从初五（1月26日）开始调整为小规模放映，并于2月17日“绝地反击”。</div><div><br /></div><div>春节档结束后，由郭富城、梁朝伟主演的犯罪动作片《风再起时》将于2月5日上映，好莱坞漫威系列电影《黑豹2》《蚁人与黄蜂女：量子狂潮》也将在2月登陆国内院线与国内观众见面。观影热情回归后，2月的一系列新片上映预计会在元宵节、情人节前后引发新的一轮观影热潮。</div><div><br /></div><div style=""text-align: center;""><p><a href=""//cdnwww.sinovision.net/data/attachment/portal/202301/27/2148093i788k3tnioi7zcb.jpg"" target=""_blank""><img alt=""中国春节档电影总票房超￥67亿 《满江红》登顶_图1-5"" title=""中国春节档电影总票房超￥67亿 《满江红》登顶"" src=""//cdnwww.sinovision.net/data/attachment/portal/202301/27/2148093i788k3tnioi7zcb.jpg"" /></a></p></div><div style=""text-align: center;""><font color=""#808080"">淘票票2月新片想看榜</font></div><div style=""text-align: center;""><br /></div><div>在今年预计上映的国产影片中，有像《热烈》《消失的她》《超能一家人》等市场关注度较高的新片，也有像《长空之王》《保你平安》这样在去年经过前期不错的营销宣传后改档的影片，也相当具有竞争力。今年的春节档可谓为2023年的中国电影市场赢了个开门红，国产电影工业化水平有所提升，内容质量的不确定性持续下降，电影行业回归健康发展。相信在疫情有所好转的形势之下，有更多观众走入影院，有更多精品电影与观众见面。</div><div><br /></div></td></tr></table>

",www.sinovision.net/entertainment/202301/00526437.htm
24,吴京恳请大家不要再宣传￥300亿票房：我会觉得很内疚,1,"<table cellpadding=""0"" cellspacing=""0"" class=""vwtb""><tr><td id=""article_content""><div>1月26日，吴京在路演里说希望大家尽量不要再宣传300亿这件事，“我会觉得很内疚，好像我一个人代表了那么多台前幕后的（工作人员），恳请你们尽量不要再宣传300亿（票房）这件事”。</div><div><br /><div style=""text-align:center; margin-bottom:5px;"" id=""closeAd-1040""><script type=""text/javascript"" id=""closeAd-1038"">&lt;!--// &lt;![CDATA[
    /* [id1040] 娱乐新闻详细页 Admaru */
    OA_show(1040);
// ]]&gt; --&gt;</script><noscript><a target=""_blank"" href=""https://ad.sinovision.net/www/delivery/ck.php?n=c1367dd""><img border=""0"" alt="""" src=""https://ad.sinovision.net/www/delivery/avw.php?zoneid=1040&amp;n=c1367dd"" /></a></noscript></div><div style=""max-width:300px;float:left;margin:5px 15px 5px 0;""><script type=""text/javascript"">&lt;!--// &lt;![CDATA[
    /* [id886] 娱乐详情页文包图广告 */
    OA_show(886);
// ]]&gt; --&gt;</script><noscript><a target=""_blank"" href=""https://ad.sinovision.net/www/delivery/ck.php?n=88ea083""><img border=""0"" alt="""" src=""https://ad.sinovision.net/www/delivery/avw.php?zoneid=886&amp;n=88ea083"" /></a></noscript></div></div><div>昨天（1月25日）下午，吴京被发现点赞了一条列举他的票房成绩和表示“只服吴京”的动态。随后他取消了这个点赞，并在晚上发文笑称：“手滑了。”吴京随后取消了这个点赞，并在晚上发文笑称：“手滑了。”不过有不少网友对他的点赞表示赞同，觉得是实至名归。截至目前，吴京成为主演票房首位破300亿的演员。</div><div><br /></div><div style=""text-align: center;""><p><a href=""//cdnwww.sinovision.net/data/attachment/portal/202301/27/021517fcnda5aw39fzmfj9.jpg"" target=""_blank""><img alt=""吴京恳请大家不要再宣传￥300亿票房：我会觉得很内疚_图1-3"" title=""吴京恳请大家不要再宣传￥300亿票房：我会觉得很内疚"" src=""//cdnwww.sinovision.net/data/attachment/portal/202301/27/021517fcnda5aw39fzmfj9.jpg"" /></a></p></div><div><br /></div><div>根据猫眼专业版实时数据，截止截止2023年1月26日22时36分时，2023年春节档（1月21日至1月27日），总票房又刷新新高，突破到60亿元。</div><div><br /></div><div style=""text-align: center;""><p><a href=""//cdnwww.sinovision.net/data/attachment/portal/202301/27/021519q08nxunu2rzqxx7f.jpg"" target=""_blank""><img alt=""吴京恳请大家不要再宣传￥300亿票房：我会觉得很内疚_图1-4"" title=""吴京恳请大家不要再宣传￥300亿票房：我会觉得很内疚"" src=""//cdnwww.sinovision.net/data/attachment/portal/202301/27/021519q08nxunu2rzqxx7f.jpg"" /></a></p></div><div><br /></div><div>《满江红》、《流浪地球2》、《熊出没·伴我“熊芯”》依然分列春节档票房前三位，且前两部影片票房都均超过19亿元。</div><div><br /></div><div>其中《满江红》的票房为22.7亿元，又创下新高，从1月24日开始反超《流浪地球》，稳居春节档票房总冠军。</div><div><br /></div><div>此作也成为72岁的导演张艺谋内地上映电影票房最高作品，此前是2021年4月上映的电影《悬崖之上》（票房11.91亿）。</div><div><br /></div><div>《流浪地球2》的表现也不俗，总票房也有19.3亿元。</div><div><br /></div><div>中国电影集团负责人傅若清称，《流浪地球2》可以说是中国电影史上的一部里程碑性质的影片，达到了国际A+制作级的水平。</div></td></tr></table>

",www.sinovision.net/entertainment/202301/00526403.htm
